ANID,Alternat_ ID,Site Name,NAA Group,Ware,Ware description,Date,Form,Ce,Co,Cr,Cs,Eu,Fe,Hf,Ni,Rb,Sb,Sc,Sr,Ta,Tb,Th,Zn,Zr,As,La,Lu,Nd,Sm,U,Yb,Al,Ba,Ca,Dy,K,Mn,Na,Ti,V
UZB001,BKH20-5-6,Bukhara,BUK,slipware,polychrome slipware,mid-end of the 10th c. CE,Open Vessel - Unknown,61.72,15.11,92.12,8.18,1.11,41536,4.1,105.4,121.72,2.46,15.05,277.93,0.92,0.77,11.22,95.88,112.96,20.73,31.05,0.41,27.77,5.66,3.14,2.9,82780,526.91,78881,4.79,30830,801.35,8632.2,3675.7,131.24
UZB002,BKH20-9-17,Bukhara,BUK,slipware,slipware - pseudo-calligraphic,beginning of 11th  c. CE,Open Vessel - Unknown,63.56,17.16,94.01,8.93,1.15,42180,4.45,77.67,108.68,2.62,15.18,320.81,0.93,0.76,11.63,92.18,131.44,22.29,32.51,0.4,29.16,5.81,3.54,2.85,85470,592.5,84792,4.38,28499,898.21,9055.6,4503.1,125.73
UZB006,BKH20-27-7,Bukhara,BUK,slipware,polychrome slipware,end of 10th-early 11th c. CE,Unknown,67.06,17.18,97.8,8.78,1.21,44752,4.03,82.69,125.82,2.53,16.41,417.46,1,0.95,12.34,97.64,110.46,22.26,33.6,0.42,30.84,6.04,3.93,2.66,83031,589.48,78735,5.01,32819,887.2,8427.5,3719.4,120.09
UZB007,BKH20-27-21,Bukhara,BUK,slipware,slipware - pseudo-calligraphic,beginning of the 11th c. CE,Open Vessel - Dish,63.5,15.72,90.96,4.66,1.14,41216,4.21,59.22,59.88,2.35,15.05,374.89,0.97,0.78,11.58,126.43,120.74,22.73,32.15,0.41,27.57,5.7,3.67,2.91,79299,608.08,102010,4.43,22776,828.96,9905.7,3916.6,105.66
UZB008,BKH20-30-4,Bukhara,BUK,slipware,slipware - Pseudo-calligraphic,beginning of 11th c. CE,Open Vessel - Bowl,61.87,14.94,89.85,5.33,1.1,39505,3.98,36.84,79.26,2.32,14.52,480.57,0.94,0.72,11.15,100.86,119.45,21.47,31.11,0.4,27.89,5.54,3.6,2.76,78687,556.07,102630,4.12,25775,794.09,8961.8,3773.5,109.5
UZB009,BKH20-30-6,Bukhara,BUK,slipware,slipware - calligraphic,10th c. CE,Open Vessel - Bowl,64.3,16.07,90.89,4.6,1.16,41508,3.86,82.73,79.43,2.31,15.44,536.97,0.96,0.7,11.83,140.62,110.19,21.26,32.41,0.41,27.08,5.76,3.76,2.82,79676,517.08,105320,4.71,25666,832.57,9092,3965.6,115.74
UZB013,BKH20-58-6,Bukhara,BUK,slipware,slipware - calligraphic,10th c. CE,Open Vessel - Unknown,58.97,15.08,87.35,6.11,1.08,39499,3.89,47.76,103,2.19,14.28,314.54,0.86,0.68,10.81,88.04,100.55,23.12,29.65,0.38,26.24,5.3,3.67,2.32,80389,574.71,92136,4.1,29995,870.98,7951,3836,120.29
UZB014,BKH20-58-9,Bukhara,BUK,slipware,polychrome slipware,end of 10th-beginning of 11th c. CE,Open Vessel - Unknown,63.2,16.13,94.15,5.96,1.15,42028,4.03,86.22,95.06,2.21,15.37,323.2,0.93,0.88,11.56,112.54,99.24,21.05,31.28,0.38,28.21,5.57,3.01,2.67,79639,613.57,93617,4.51,27289,786.39,8372.2,3759.6,130.97
UZB015,BKH20-59-3,Bukhara,BUK,slipware,slipware,10th c. CE,Open Vessel - Unknown,62.28,16.62,94.59,6.41,1.11,42341,4.25,0,89.86,2.67,15.43,334.39,0.91,0.73,11.6,127.8,111.73,19.88,31.34,0.39,29.88,5.63,3.64,2.88,83641,558.51,100530,4.8,25784,853.6,9003.7,3995.7,132.2
UZB018,BKH20-70-15,Bukhara,BUK,slipware,polychrome slipware,end of 10th-early 11th c. CE,Open Vessel - Unknown,63.45,13.43,90.35,9.84,1.15,40893,3.91,94.41,122.23,2.09,15.37,411.35,0.93,0.75,11.75,102.86,111.05,22.94,31.95,0.42,29.81,5.8,4.64,2.82,76272,554.5,84847,4.66,33979,768.46,8755.7,3703.6,136.25
UZB019,BKH20-71-8,Bukhara,BUK,monochrome,monochrome white,10-11th c. CE,Open Vessel - Unknown,62.65,15.24,92.37,3.61,1.19,39223,4.37,48.27,62.63,2.48,14.47,379.39,1.01,0.75,11.11,86.44,149.62,18.74,31.95,0.39,30.07,5.79,3.6,2.82,77725,480.67,94717,4.42,24776,806.28,9178.3,3832.1,122.94
UZB020,BKH20-71-9,Bukhara,BUK,slipware,slip painted - λ pattern,beginning of 11th c. CE,Open Vessel - Bowl,62.91,17.08,96.78,7.63,1.13,42455,3.88,80.04,101.73,2.66,15.45,791.88,0.92,0.83,11.65,114.7,172.76,24.97,31.32,0.37,28.26,6.01,8.36,2.39,80150,586.97,105890,4.4,28828,935.61,8859.1,4399.1,127.28
UZB022,BKH20-78-10,Bukhara,BUK,slipware,polychrome slipware,10th-early 11th c. CE,Open Vessel - Bowl,62.39,16.09,98.55,6.56,1.15,40487,3.95,0,95.02,2.97,14.85,379.72,0.93,0.65,11.37,146.6,135.04,22.29,31.38,0.36,28.41,5.74,5.29,2.73,75024,552.28,97315,4.48,27757,879.39,8823.3,3785,124.63
UZB023,BKH20-82-15,Bukhara,BUK,slipware,polychrome slipware,end of 10th-early 11th c. CE,Open Vessel - Bowl,61.56,16.41,93.61,6.01,1.13,40332,3.95,0,80.6,2.21,15.06,340.95,0.91,0.87,11.18,101.7,102.23,19.28,30.36,0.38,28.77,5.41,3.57,2.83,75609,603.18,97978,4.25,21534,886.37,9746.1,3797.9,147.08
UZB024,BKH20-82-18,Bukhara,BUK,slipware,polychrome slipware,beginning of the 11th c. CE,Open Vessel - Bowl,60.32,15.73,90.69,6.17,1.07,39098,4.05,67.89,92.27,2.08,14.27,373.51,0.93,0.67,11.09,104.3,119.87,18.46,30.62,0.37,28.21,5.45,3.53,2.56,73636,493.28,95069,4.38,26330,821.56,7989.8,3655.6,119.38
UZB028,BKH20-87-34,Bukhara,BUK,slipware,slipware,end of 10th-early 11th c. CE,Open Vessel - Unknown,62.27,14.83,88.52,4.08,1.15,38051,4.23,0,66.07,2.16,14.39,426.36,0.95,0.86,11.12,109.69,136.95,20.82,31.37,0.38,30.02,5.61,4,2.86,78141,616.86,91321,4.83,20497,972.77,9831.9,3512.2,107.46
UZB030,BKH20-93-10,Bukhara,BUK,slipware,slipware - pseudo-calligraphic,beginning of 11th c. CE,Open Vessel - Unknown,60.81,15.37,88.84,5.79,1.09,40427,3.98,44.3,77.2,2.17,14.86,456.82,0.84,0.89,11.02,154.89,100.22,21.03,30.79,0.4,26.32,5.5,3.92,2.34,77264,559.42,105690,4.31,21749,872.71,8618.9,3725.5,111.77
UZB032,BKH20-93-13,Bukhara,BUK,slipware,polychrome slipware,beginning of 11th c. CE,Open Vessel - Bowl,60.57,13.9,89.53,7.43,1.1,39896,3.8,35.97,97.4,3.02,14.74,496.24,0.79,0.66,11,111.84,100.01,26.4,30.08,0.36,28.76,5.37,4.53,2.78,76195,550.85,112250,4.57,28866,865.42,8168,3436.1,125.95
UZB033,BKH20-93-15,Bukhara,BUK,slipware,polychrome slipware,end of 10th-beginning of 11th c. CE,Open Vessel - Bowl,60.46,13.98,82.77,5.04,1.12,37728,3.92,0,91.25,2.01,14.04,408.53,0.85,0.62,10.73,111.94,91.33,22.45,30.78,0.38,28.1,5.44,3.86,2.7,76702,515.33,91999,4.3,26987,757.24,8508.5,4053.1,120.44
UZB035,BKH20-93-23,Bukhara,BUK,slipware,polychrome slipware,mid 10th-early 11th c. CE,Open Vessel - Unknown,61.1,14.94,87.73,6.13,1.12,39413,4.07,45.7,85.91,2.17,14.82,386.73,0.89,0.97,10.98,113.73,126.48,21.63,30.76,0.38,29.2,5.45,3.52,3,73763,561.19,97270,4.49,24392,787.05,8084,3755,103.31
UZB036,BKH20-94-1,Bukhara,BUK,slipware,polychrome slipware,beginning of the 11th c. CE,Open Vessel - Unknown,63.41,15.16,87.15,5.51,1.15,40124,4.07,99.65,86.21,2.49,14.73,316.55,1.01,0.78,11.24,146.51,110.71,20.64,31.58,0.38,27.68,5.65,3.67,2.56,72520,551.44,92235,4.59,25407,812.17,8729.3,4350.2,113.94
UZB040,BKH20-99-9,Bukhara,BUK,slipware,polychrome slipware,end of 10th-early 11th c. CE,Open Vessel - Unknown,64.88,14.99,96.05,6.81,1.17,41517,4.39,0,104.53,2.46,15.39,343.6,1,0.94,11.65,97.86,118.03,24.8,33,0.41,28.26,6,3.4,2.56,76239,584.86,73855,5.02,32768,846.29,9514.4,4206.7,128.36
UZB041,BKH20-99-12,Bukhara,BUK,slipware,slipware - calligraphic,10th c. CE,Open Vessel - Unknown,60.13,14.42,86.84,5.58,1.09,38002,3.96,0,95.81,2.42,14.32,397.58,0.95,0.99,10.91,124.41,115.08,18.13,29.49,0.37,27.79,5.35,3.15,2.29,71623,536.44,90527,4.64,31188,801.56,8561.4,4109.7,107.19
UZB042,BKH20-119-6,Bukhara,BUK,slipware,slipware - pseudo calligraphic,2nd half of the 10th c. CE,Open Vessel - Unknown,61.67,14.79,89.74,3.62,1.11,39038,4.23,0,66.84,2.14,14.27,331.46,0.92,0.72,11.04,89.22,123.95,16.57,30.17,0.38,26.36,5.42,2.79,2.72,76069,618.69,92720,4.37,21769,748.05,8360.6,3886.6,109.9
UZB043,BKH20-119-11,Bukhara,BUK,slipware,polychrome slipware,end of 10th-beginning of 11th c. CE,Open Vessel - Unknown,62.89,15.19,92.22,7.09,1.15,41130,4.4,46.18,106.2,2.52,15,292.18,0.9,0.91,11.31,94.37,106.42,15.8,31.44,0.39,31.03,5.54,2.75,2.79,76346,589.78,83509,4.71,29991,729.69,8453.8,4283.3,123.49
UZB044,BKH20-119-13,Bukhara,BUK,slipware,polychrome slipware,end of 10th-early 11th c. CE,Open Vessel - Unknown,63.69,14.35,91.46,6.4,1.2,39822,4.18,0,95.77,2.29,14.84,349.43,0.95,0.96,11.28,95.19,100.83,22.84,32.24,0.4,30.07,5.76,3.15,2.87,73521,573.68,91164,4.65,31960,849.54,9301,4155,121.27
UZB045,BKH21-146-19,Bukhara,BUK,slipware,polychrome slipware - pseudo calligraphic,beginning of the 11th c. CE,Open Vessel - Unknown,64.44,16.42,96.19,5.01,1.18,43341,4.08,31.54,65.59,2.76,16.07,546.23,0.9,0.87,11.89,113.44,137.83,24.43,32.32,0.39,31.3,5.77,4.35,2.98,77620,602.55,104160,4.77,21747,895.59,8673,3768.8,119.07
UZB046,BKH21-159-10,Bukhara,BUK,slipware,slipware - calligraphic,10th c. CE,Open Vessel - Unknown,65.94,16,94.57,3.72,1.27,41167,4.57,64.75,62.12,2.69,15.12,391.18,0.99,0.76,11.74,119.36,133.98,27,32.95,0.44,32.68,5.94,3.68,2.46,80173,593.81,96937,4.71,20372,890.11,8873.5,3888.6,118.49
UZB047,BKH21-159-11,Bukhara,BUK,slipware,polychrome slipware - with calligraphy,beginning of 11th c. CE,Open Vessel - Unknown,63.67,13.9,93.42,3.39,1.17,38616,4.41,70.84,50.58,2.26,14.42,390.6,0.92,0.75,11.09,102.33,123.61,19.61,32.05,0.4,28.74,5.68,3.34,2.87,80294,631.73,98248,5.11,19821,851.38,8854.8,4247.5,110.49
UZB048,BKH21-166-17,Bukhara,BUK,slipware,polychrome slipware,end of 10th-early 11th c. CE,Open Vessel - Unknown,62.82,14.3,92.53,5.87,1.14,39404,4.43,56.76,94.13,2.21,14.53,424.88,0.89,0.7,11.17,66.91,149.67,20.74,31.57,0.37,27.44,5.69,3.07,2.51,78546,584.47,95456,5.04,25822,861.83,9224.3,3918,111.32
UZB049,BKH21-210-1,Bukhara,BUK,slipware,polychrome slipware,end of 10th-early 11th c. CE,Open Vessel - Unknown,64.98,16.01,96.83,6.6,1.19,42437,4.46,58.77,81.11,2.67,15.54,388.3,0.97,0.62,11.69,147.65,145.46,20.2,31.87,0.39,29.21,5.66,3.75,2.39,79031,582.89,93427,4.45,20851,822.18,10351,3782.2,112.9
UZB050,BKH21-210-2,Bukhara,BUK,slipware,slipware - calligraphic,10th c. CE,Open Vessel - Bowl,63.54,14.75,90.67,6.52,1.19,39440,4.18,0,82.44,2.58,14.78,393.36,0.9,1.04,11.38,100.41,122.97,22.6,32.31,0.4,29.17,5.54,3.21,2.78,82016,586.33,93861,4.75,23632,786.71,9735.9,4465.2,125.39
UZB056,BKH22-002-a,Bukhara,BUK,monochrome,monochrome white,10-11th c. CE,Open Vessel - Unknown,65.7,16.19,92.74,8.45,1.16,44386,4.2,25.68,115.63,2.99,15.54,444.31,1.02,0.94,11.79,98.13,88.06,24.6,32.52,0.45,28.41,5.84,4.16,2.49,81660,597.24,76587,4.6,30912,870.34,9637.4,3288.9,116.29
UZB059,BKH22-024-b,Bukhara,BUK,slipware,polychrome slipware,11th c. CE,Open Vessel - Unknown,64.44,16.23,97.62,3.91,1.18,43990,4.15,71.35,68.35,2.49,15.83,490.04,0.85,0.94,11.95,97.67,107.86,28.2,31.91,0.43,29.05,5.78,4.75,2.91,82401,539.66,107330,4.67,21155,873.79,8788.5,3491.1,132.03
UZB061,BKH22-024-l,Bukhara,BUK,slipware,slipware,end of 10th-early 11th c. CE,Open Vessel - Unknown,63.9,12.29,90.57,7.17,1.17,39132,4.68,34.49,105.45,2.18,14.21,426.19,0.98,0.77,11.14,99.3,126.14,18.31,32.46,0.41,27.79,5.95,4.27,2.61,76912,548.75,77511,4.76,31404,749.6,11298,3239.2,109.28
UZB062,BKH22-060-t,Bukhara,BUK,monochrome,monochrome white,10-11th c. CE,Open Vessel - Unknown,62,17.26,91.6,5.31,1.14,42111,4.17,59.69,90.5,2.54,14.91,400.31,0.98,0.59,11.29,145.67,67.31,21.77,31.11,0.37,28.45,5.52,4.38,2.4,82265,602.11,101480,4.3,20605,868.35,9015.5,3691.2,107.41
UZB064,BKH22-078-s,Bukhara,BUK,monochrome,monochrome white,10th? c. CE,Open Vessel - Bowl,60.72,13.5,85.49,5.66,1.1,37709,4.17,34.8,92.5,2.15,13.74,418.97,0.95,0.66,10.91,109.96,67.88,18.64,30.89,0.38,27.77,5.48,3.28,2.35,72257,562.53,90721,4.55,26855,711.64,12572,3897.9,94.53
UZB065,BKH22-078-t,Bukhara,BUK,slipware,slipware - pseudo calligraphic,2nd half of 10th c. CE,Open Vessel - Bowl,63.2,15.1,92.03,4.86,1.12,40202,4.31,52.77,86.1,2.61,14.41,402.53,0.91,0.63,11.2,196.49,119.33,19.87,30.86,0.37,28.61,5.49,4.61,2.57,79065,533.24,98652,4.3,22301,815.95,9931.9,3314,114.73
UZB066,BKH22-078-w,Bukhara,BUK,monochrome,monochrome white ware,10th? c. CE,Open Vessel - Unknown,65.62,15.38,93.36,5.12,1.21,40487,4.39,38.52,74.76,2.52,14.59,372.34,0.98,0.67,11.49,105.51,104.09,18.78,32.67,0.41,29.52,5.92,3.44,2.83,76213,578.1,103980,4.87,20638,824.85,11173,3645.4,128.91
UZB068,BKH22-138-x,Bukhara,BUK,slipware,polychrome slipware,end of 10th-early 11th c. CE,Open Vessel - Unknown,64.59,16.17,100.26,5.71,1.24,42579,4.55,70.87,103.65,2.22,15.27,292.23,0.97,0.74,11.89,97.56,94.76,20.15,32.24,0.41,29.34,5.86,3.29,2.73,85103,561.56,77507,4.57,28811,878.73,10107,2953.4,119.69
UZB069,BKH22-138-ab,Bukhara,BUK,slipware,polychrome slipware,end of 10th-early 11th c. CE,Open Vessel - Unknown,66.28,18.67,102.93,7.94,1.16,46077,4.18,38.32,112.01,2.43,16.58,440.36,0.97,1.09,12.45,112.17,111.88,19.97,32.89,0.4,30.26,5.93,4.28,2.84,85887,540.53,97217,5.19,31230,989.7,8934.2,3617.7,132.27
UZB070,BKH22-138-af,Bukhara,BUK,slipware,polychrome slipware - yellow,end of 10th-early 11th c. CE,Open Vessel - Unknown,65.58,16.26,105.24,9.41,1.17,44413,4.39,56.5,112.98,2.1,15.88,457.25,0.98,0.66,12.1,92.86,82.56,21.21,31.76,0.4,27.53,5.71,3.67,2.52,82852,615.23,82030,4.95,28516,896.56,8658,3898.9,144.61
UZB071,BKH22-138-ak,Bukhara,BUK,slipware,polychrome slipware,end of 10th-early 11th c. CE,Open Vessel - Unknown,66.48,16.34,99.82,9.6,1.16,44909,4.12,45.31,123.58,2.33,16.24,379.24,0.94,0.84,12.28,88.49,96.53,19.87,32.33,0.39,29.17,5.78,4.07,2.44,82710,560.18,72383,5.1,32774,902.21,8748.8,3970,129.42
UZB072,BKH22-138-al,Bukhara,BUK,slipware,polychrome slipware- with incision,beginning of 11th c. CE,Open Vessel - Unknown,62.87,15.86,92.86,3.31,1.16,41152,4.4,46.51,73.96,2.3,14.65,357.87,1.03,0.69,11.32,90.96,107.56,20.87,31.44,0.41,28.28,5.71,4.1,2.58,78051,508.01,98259,4.87,23950,945.56,8863.9,3415,127
UZB073,BKH22-138-an,Bukhara,BUK,slipware,polychrome slipware,10th c. CE,Open Vessel - Unknown,61.29,14.99,91.3,3.88,1.09,41191,4.25,67.23,77.06,2.3,14.34,315.31,0.95,0.62,11.37,102.74,118.65,18.85,30.17,0.38,27.91,5.46,3.38,2.59,77611,479.75,90817,4.5,25622,770.95,9054.2,3749.4,134.37
UZB074,BKH22-147-c,Bukhara,BUK,monochrome,monochrome white,10-11th c. CE,Open Vessel - Unknown,66.76,15.71,98.63,7.73,1.19,44483,4.3,0,103.4,2.27,16.13,632.48,1.04,0.83,12.28,95.89,108.14,21.83,32.83,0.38,30.41,6.02,6.17,2.8,82402,498,99246,4.31,24554,875.49,8448.5,3955.1,123.92
UZB075,BKH22-147-m,Bukhara,BUK,slipware,polychrome painted ware,end of 10th-early 11th c. CE,Open Vessel - Unknown,65.14,16.35,101.82,8.56,1.16,43856,4.15,43.24,106.46,2.23,15.71,454.25,0.98,0.67,11.95,97.01,112.14,21.78,32.03,0.4,27.32,5.77,3.5,2.35,82547,482.39,88406,5.36,27791,882.96,8365.7,3488.4,131.26
UZB076,BKH22-147-n,Bukhara,BUK,slipware,polychrome slipware,end of the 10th-early 11th c. CE,Open Vessel - Unknown,64.64,15.99,101.6,8.83,1.15,44088,4.07,47.47,118.84,2.17,15.54,560.79,0.94,0.76,11.81,107.03,128.41,18.15,31.66,0.4,31.33,5.78,5.16,2.43,76483,635.5,94108,6.04,32214,849.08,8255.7,4181.8,131.88
UZB077,BKH22-147-t,Bukhara,BUK,slipware,psuedo calligraphic,beginning of 11th c. CE,Open Vessel - Unknown,65.88,15.52,100.35,8.65,1.19,44051,4.26,0,115.47,2.45,15.66,469.16,1.03,0.94,11.99,88.92,107.76,20.68,31.92,0.41,29.52,5.72,4.08,2.85,82019,690.03,83546,5.76,29162,838.88,8129.3,4009,120.78
UZB080,BKH22-167-a,Bukhara,BUK,monochrome,monochrome turquoise,12th c. CE,Unknown,62.6,15.8,93.84,7.63,1.14,41560,4.02,0,115.94,2.23,14.76,552.69,0.97,0.85,11.36,101.33,114.52,21.5,30.92,0.36,28.8,5.6,4.32,2.75,77310,662.08,94828,5.58,28830,828.93,9196.9,3690.8,108.73
UZB081,BKH22-184-r,Bukhara,BUK,slipware,polychrome slip-painted,end 10th-beginning of 11th c. CE,Open Vessel - Unknown,63.37,14.18,92.74,6.86,1.14,39720,4.41,43.87,105.82,2.5,14.15,456.26,0.95,0.8,11.32,85.28,116.58,15.98,31.81,0.38,28.6,5.81,3.75,2.95,73426,689.48,86545,5.92,32800,812.73,9824.1,4226.1,99.6
UZB083,BKH22-184-ad,Bukhara,BUK,slipware,polychrome slipware - yellow staining?,end of 10th-early 11th c. CE,Open Vessel - Unknown,64.92,16.24,101.65,9.41,1.17,44490,4.15,92.61,117.89,2.36,15.81,537.54,0.97,0.76,12.1,97.35,107.39,21.94,32.14,0.41,30.72,5.79,3.54,2.69,83923,659.33,84505,5.7,29881,830.48,8185.4,3869.6,128.3
UZB085,BKH22-201-ac,Bukhara,BUK,monochrome,monochrome green,9/10th? c. CE,Closed Vessel,64.84,16.53,100.52,5.93,1.23,43693,4.05,74.76,106.53,1.89,15.66,424.84,0.95,0.84,11.81,100.43,117.63,21.36,32.02,0.41,29.65,5.77,4.55,2.56,72452,468.54,84791,4.45,26859,756.62,11697,3671.6,119.62
UZB089,BKH22-222-y,Bukhara,BUK,slipware,polychrome slipware,end of 10th-early 11th c. CE,Open Vessel - Unknown,65.81,14.47,95.55,6.62,1.13,43063,4.05,0,87.33,2.35,15.6,683.43,1,0.83,12.1,124.01,103.99,26.54,32.54,0.37,31.41,5.88,4.67,2.51,75159,595.81,93687,4.65,24270,812.86,10897,3666.9,127.04
UZB092,BKH22-266-ag,Bukhara,BUK,slipware,polychrome slipware,end of 10th-early 11th c. CE,Open Vessel - Unknown,65.45,15.83,98.2,7.21,1.14,42838,4.19,46.17,101.88,2.33,15.26,468.81,0.92,0.75,11.82,94.62,114.19,21.11,32.06,0.36,30.55,5.82,4.72,2.86,73448,481.56,97646,4.34,21935,816.29,7723.3,3450,118.16
UZB094,BKH22-271-m,Bukhara,BUK,slipware,polychrome slipware,end of 10th-early 11th c. CE,Open Vessel - Unknown,62.75,15.4,92.3,6.45,1.16,41600,4.29,36.34,94.31,2.14,14.85,343.18,0.92,0.73,11.41,124.29,125.1,19.49,31.65,0.37,27.09,5.65,3.3,2.59,75096,584.74,89357,4.49,21674,762.66,9405.8,3579.6,112.9
UZB097,Paykend-8,Paykend,BUK,slipware,slipware,10th-early 11th c. CE,Open Vessel - Unknown,62.01,14.98,93.35,7.97,1.13,43130,4.25,0,119.53,2.48,15.04,367.67,0.83,0.79,11.25,92.07,113.24,20.16,30.97,0.37,26.15,5.41,2.98,2.5,78935,594.33,74672,4.21,25080,774.22,7642.7,3897.9,126.33
UZB099,Paykend-15,Paykend,BUK,monochrome,,12th-early 13th c. CE,Open Vessel - Unknown,67.22,17.3,97.69,8.28,1.17,42304,4.23,42.44,115.55,2.14,14.98,325.36,1.01,0.95,12.15,117.42,119.35,17.6,34.12,0.41,30.55,5.99,3.68,2.65,77794,719.82,87733,4.65,27880,811.21,12249,3999.5,121.99
UZB105,Paykend-25,Paykend,BUK,kiln furniture,,920-1020s CE,Closed Vessel,58.35,15.93,97.22,7.47,1.07,41224,3.92,53.17,118.38,2.26,14.69,415.59,0.91,0.79,10.82,94.58,120.21,17.69,29.36,0.37,25.84,5.15,3.17,2.53,75937,626.47,91700,3.9,24338,792.12,8558.4,3137.2,131.81
UZB109,Paykend-32,Paykend,BUK,slipware,pseudo calligraphic,2nd half of 10th-early 11th c. CE,Open Vessel - Unknown,61.46,16.26,96.6,6.52,1.15,41795,4.14,18.63,97.12,2.29,14.96,343.51,0.86,1.08,11.24,107.48,101.27,19.32,30.65,0.36,28.37,5.49,3.21,2.39,75396,583.11,91984,4.22,22911,849.76,8354.6,4230.8,127.82
UZB110,Paykend-33,Paykend,BUK,slipware,polychrome slipware,?,,62.84,15.12,89.95,5.61,1.11,39701,4.18,19.29,84.8,2.07,14.25,310.79,0.87,1.11,10.92,91.43,127.69,17.73,32.29,0.38,28.26,5.56,3.5,2.79,70967,540.56,89218,4.12,20711,754.87,8780.8,3549.3,128.59
UZB053,BKH21-210-19,Bukhara,BUK A,slipware,polychrome slipware,mid-end of 10th c. CE,Open Vessel - Unknown,59.2,11.21,71.29,7.33,1.08,34949,3.94,13.7,89.33,2.1,13.66,571.06,0.82,0.57,10.77,132.27,83.54,23.05,29.74,0.4,25.73,5.15,4.42,2.64,76015,666.13,73422,4.16,23199,575.69,11661,3655,85.89
UZB057,BKH22-002-b,Bukhara,BUK A,splashed sgraffito,glazed sgraffito,end of 10th-early 11th c. CE,Open Vessel - Unknown,61.64,14.44,87.69,8.68,1.14,39067,4.3,28.2,79.3,2.46,13.94,582.2,0.91,0.58,11.26,101.85,131.67,19.25,30.41,0.38,26.78,5.4,4.43,2.33,78348,614.58,84472,4.43,21573,679.73,11858,3913,122.48
UZB079,BKH22-153-i,Bukhara,BUK A,opaque,early islamic but not lead,9th c. CE,Open Vessel - Unknown,58.18,14.75,91.24,7.87,1.08,37258,4.81,58.71,82.3,2.2,14.05,585.96,0.91,1.06,10.19,116.17,148.31,18.52,29.88,0.34,29.13,5.26,2.88,2.28,74011,556.44,87136,5.43,22301,776.39,15218,3454.2,91.75
UZB088,BKH22-201-at,Bukhara,BUK A,opaque,buffware,9th c. CE,Open Vessel - Bowl,57.37,13.48,84.54,8.62,1.08,39192,3.7,50.57,58.46,2.39,14.39,692.61,0.87,0.78,10.04,120.98,95.88,23.95,28.21,0.33,25.93,5.17,3.12,2.28,72179,419.17,102430,3.99,15748,798.4,12632,2891.1,117.8
UZB098,Paykend-9,Paykend,BUK A,monochrome,,12th-early 13th c. CE,Open Vessel - Unknown,59.75,13.24,84.39,7.15,1.04,37149,4.17,28.51,89.74,2.49,13.45,738.25,0.87,1.04,10.68,85.44,111.66,17.33,29.7,0.36,23.34,5.14,5.04,2.69,74982,599.16,82496,3.86,18792,650.67,15687,3395.4,129.47
NISH-02,,Nīshāpūr,NISH,slipware,samanid,,Bowl,56.7,17.38,110.8,6.2,1.226,41200,4.41,40,81,1.23,14.39,506,0.93,0.69,8.79,101,,12.1,40.02,0.433,36.8,6.49,2.62,3.44,80700,507,67500,5.98,24400,658,11750,4520,151
NISH-03,,Nīshāpūr,NISH,slipware,samanid,,Unspec.,56.4,17.43,144.8,6.14,1.163,41500,4.26,91,154,0.99,14.5,526,1.06,0.63,9.93,93,,5.8,34.78,0.454,37.2,6.38,2.56,3.11,78200,497,70900,5.74,22800,642,11810,4150,143
NISH-04,,Nīshāpūr,NISH,slipware,samanid,,Unspec.,59.9,16.7,144.2,6.28,1.141,39100,4.39,71,101,1.41,13.87,319,0.92,0.61,9.78,101,,17.9,37.54,0.424,32.8,5.96,2.9,3.77,69400,439,66000,5.61,22800,826,12900,4030,97
NISH-05,,Nīshāpūr,NISH,slipware,samanid,,Unspec.,53.9,16.26,115.8,6.1,1.081,38800,4.32,50,101,0.79,13.94,576,0.86,0.58,9.36,89,,14.8,33.79,0.389,33.2,5.79,2.6,3.11,65900,446,81300,5.21,22700,715,12160,4050,104
NISH-06,,Nīshāpūr,NISH,splashed sgraffito,splashed sgraffiato,,,58.8,20.23,137.8,7.09,1.22,44300,4.47,51,228,1.14,15.74,641,0.97,0.7,10.07,121,,25.9,21.86,0.289,19.9,3.74,2.13,2.3,71300,337,89300,3.68,19800,902,14480,3550,154
NISH-07,,Nīshāpūr,NISH,splashed sgraffito,splashed sgraffiato,,,61.1,18.7,101.6,6.75,1.122,42800,4.57,127,145,0.86,14.94,573,0.96,0.67,9.17,113,,21.2,31.89,0.37,29.1,5.35,2.32,3.21,70100,492,94400,4.94,23000,745,11030,3840,90
NISH-10,,Nīshāpūr,NISH,splashed sgraffito,splashed sgraffiato,,,60.9,19.02,131.6,6.87,1.169,42600,4.17,73,395,0.62,15.16,500,0.97,0.67,8.18,125,,18.7,28.82,0.303,25.6,4.67,2.91,2.24,70000,479,70500,4.1,21500,842,15070,4150,138
NISH-12,,Nīshāpūr,NISH,splashed sgraffito,splashed sgraffiato,,,56.3,18.45,106.7,7.36,1.142,42800,5.24,87,381,1,15.3,542,0.95,0.67,8.13,110,,21.4,30.66,0.334,26.9,4.94,2.28,2.26,77100,494,63600,4.51,29900,986,11000,4150,109
NISH-13,,Nīshāpūr,NISH,splashed sgraffito,splashed sgraffiato,,,68.2,16.56,112.6,6.32,1.282,38900,7.56,85,342,1.18,14.44,301,1.01,0.9,13.98,81,,24.3,29.39,0.348,27.6,4.88,2.53,2.37,75300,530,76900,4.52,20500,990,13700,4070,136
NISH-14,,Nīshāpūr,NISH,splashed sgraffito,splashed sgraffiato,,,74.6,15.33,105.2,6,1.258,37900,8.07,86,0,0.72,13.96,236,1,0.82,12.49,82,,36.6,30.15,0.322,30.8,4.98,2.53,2.39,74600,444,84800,4.28,16600,897,14340,3750,192
NISH-15,,Nīshāpūr,NISH,splashed sgraffito,splashed sgraffiato,,,59.4,19.82,104.6,7.2,1.148,45300,4.56,55,294,1.19,15.92,483,1.04,0.75,11.28,132,,11.1,29.49,0.308,26.4,4.76,2.19,2.32,74400,497,65300,4.35,26000,951,14020,4020,85
NISH-18,,Nīshāpūr,NISH,slipware,samanid,,,67.5,16.53,116.9,6.67,1.145,39600,6.09,77,301,1.06,14.5,554,0.98,0.79,12.85,79,,17.5,25.81,0.283,25.3,4.37,1.98,1.9,72300,474,76600,3.77,25400,765,12690,3380,104
NISH-22,,Nīshāpūr,NISH,slipware,samanid,,,55.4,17.93,117.4,6.35,1.157,42600,4.34,62,97,0.99,14.83,440,0.96,0.66,10.01,116,,25.9,27.18,0.303,23.4,4.59,2.23,2.62,74400,467,77600,4.12,25200,862,10840,4210,126
NISH-24,,Nīshāpūr,NISH,kiln furniture,samanid,,Kiln Furniture,56.2,17.48,98.5,5.59,1.021,39100,4.27,108,77,0.78,14.06,713,0.95,0.69,8.83,112,,21.4,27.59,0.285,25.8,4.53,2.06,2.32,74500,464,71500,4.26,24700,866,11530,3970,105
NISH-25,,Nīshāpūr,NISH,slipware,samanid,,Bowl,61.8,18.97,95.7,7.3,1.13,42200,4.62,66,95,0.83,15.37,587,0.99,0.65,9.84,94,,14.3,26.82,0.236,29.6,4.49,1.81,2.1,77500,438,82600,4.12,24700,805,17920,4290,116
NISH-26,,Nīshāpūr,NISH,monochrome,,,,64.9,18.45,141.7,7.61,1.099,44000,5.28,87,108,1.47,16.33,516,0.85,0.64,11.52,107,,38.8,29.2,0.342,24.9,4.89,2.19,2.47,77500,522,84600,4.32,20900,978,12250,4300,153
NISH-27,,Nīshāpūr,NISH,opaque,Buff ware?,,,58,15.87,131.3,4.61,1.159,38200,5.13,99,75,1.18,14.09,548,0.88,0.7,9.62,95,,18,35.73,0.347,29,5.76,4.08,2.63,60400,549,56600,4.92,24000,569,11130,3930,130
NISH-29,,Nīshāpūr,NISH,opaque,Buff ware?,,,60.1,19.92,122.1,7.03,1.201,44600,4.91,70,102,1.26,16.26,435,0.98,0.67,10.66,147,,13.9,33.23,0.38,27.7,5.35,3.8,2.49,58400,503,70600,4.62,21300,572,9500,3620,114
NISH-30,,Nīshāpūr,NISH,opaque,yellow opaque-Buff ware?,,,59.3,18.57,142.6,6.06,1.205,44800,5.11,111,95,1.31,16.44,602,0.94,0.76,10.8,113,,17.2,33.33,0.359,29.7,5.52,4.1,2.64,59900,607,83500,4.73,20400,582,9620,3470,157
NISH-01,,Nīshāpūr,,slipware,samanid,,Plate,68.3,19.36,145.2,7.1,1.306,43800,5.16,42,58,1.15,16.83,369,0.93,0.7,12.23,104,,17.4,33.16,0.382,29.8,5.42,2.63,3.31,81300,485,75200,4.91,17700,830,16140,4010,152
NISH-08,,Nīshāpūr,,splashed sgraffito,splashed sgraffiato,,,77.7,18.85,111.3,6.61,1.383,43200,7.03,68,145,4.12,16.61,195,1.04,0.95,14.65,123,,15,29.65,0.306,29.1,4.86,2.04,2.16,80600,463,61200,4.28,28200,860,14620,4690,121
NISH-09,,Nīshāpūr,,splashed sgraffito,splashed sgraffiato,,,77.3,18.73,130.9,6.37,1.494,42700,4.97,73,382,2.01,16.57,362,1.02,0.92,14.45,105,,13.6,31.42,0.376,28.2,5.15,2.7,2.53,75300,448,83300,4.45,22700,874,13360,3870,121
NISH-11,,Nīshāpūr,,splashed sgraffito,splashed sgraffiato,,,69.7,10.13,125.4,5.64,1.15,30300,6.56,78,267,1.42,11.89,366,1.03,0.93,11.65,82,,24.7,29.97,0.356,26,4.87,2.5,2.3,80300,545,69300,4.41,27800,1062,12720,4280,129
NISH-16,,Nīshāpūr,,slipware,samanid,,,43.7,23.42,289.1,6.53,0.957,47000,3.17,190,0,0.82,20.41,2546,0.59,0.63,7.95,102,,20.1,27.23,0.307,26.9,4.68,2.02,2.08,75100,474,72900,3.97,24300,863,12160,3840,140
NISH-19,,Nīshāpūr,,slipware,samanid,,,61.6,11.04,135.6,6.42,1.156,31400,5.45,53,197,1.6,12.08,602,0.88,0.79,11.33,95,,23.1,30.23,0.316,25.7,4.75,2.34,2.29,79000,761,88500,4.19,26100,991,10510,3570,106
NISH-20,,Nīshāpūr,,slipware,samanid,,,70.3,12.48,101.1,6.87,1.225,34000,5,73,320,2.13,12.63,404,0.94,0.76,12.69,113,,25.5,28.61,0.319,27.3,4.71,1.92,2.48,77800,512,93300,4.1,29700,941,10910,3370,111
NISH-28,,Nīshāpūr,,slipware,samanid,,,59.2,19.5,114.2,7.27,1.147,45900,4.38,80,114,2.29,16.23,452,0.97,0.74,10.75,141,,14,35.11,0.42,31.3,6.27,4.94,3.01,63400,562,63600,5.67,20900,580,10180,3990,145
NISH-31,,Nīshāpūr,,opaque,yellow opaque - Buffware,,,60.3,17.85,153.4,5.23,1.127,41800,4.85,95,75,1.22,15.29,705,0.91,0.84,10.46,112,,13.9,33.45,0.354,30.4,5.63,3.94,2.69,68000,544,83100,4.78,17300,553,9620,3470,133
NISH-32,,Nīshāpūr,,opaque,yellow opaque - Buffware,,,58.4,19.61,153.9,5.81,1.186,44800,4.81,113,78,2.03,16.21,296,0.95,1.41,10.41,138,,12.3,32.66,0.352,31.5,5.85,5.87,2.81,67800,951,57500,5.22,20900,575,9740,3660,161
SMKD-03,1443-1898 V&A,Afrāsiyāb,Outlier,slipware,samanid,,,65.3,9.39,1438,6.91,1.15,29000,6.6,40,95,2.24,11.62,231,0.91,0.75,10.86,100,,11.5,35.46,0.388,31.9,5.58,4.22,2.99,59400,532,90200,4.83,21700,597,9270,3650,112
UZB029,BKH20-87-68,Bukhara,Outlier,splashed sgraffito,splashed sgraffito,10th c. CE,Open Vessel - Unknown,61.81,13.42,81.11,8.32,1.12,36518,4.4,26.25,77.34,5.55,13.99,562.35,0.83,0.7,11.09,124.42,146.93,17.26,31.54,0.37,27.24,5.42,3.09,2.42,72324,594.99,93757,4.55,22629,675.79,10076,3876.7,106.95
UZB055,BKH21-210-31,Bukhara,Outlier,opaque,monochrome blue/turquoise,12th c. CE,Open Vessel - Bowl,50.9,11.26,83.49,4.14,0.96,30021,4.49,28.75,50.52,1.88,11.19,485.73,0.77,0.5,8.69,104.61,102.93,15.33,25.82,0.33,22.99,4.68,2.69,1.95,61005,415.45,123840,3.87,17591,647.48,10008,2800.1,82.87
UZB082,BKH22-184-v,Bukhara,Outlier,lustre,lustreware,10th c. CE,Open Vessel - Unknown,47.09,29.35,247.86,1.68,1.05,51007,3.09,224.84,21.96,1.08,18.27,569.29,0.88,0.71,6.93,108.51,75.32,15.39,23.63,0.29,25.8,4.64,5.43,2.09,64958,259.02,147470,4.61,13434,1226.3,15963,3886.7,128.39
UZB135,TASH058,Tashkent,Outlier,splashed sgraffito,splashed sgraffito,11th c. CE,Open Vessel - Unknown,75.13,18.8,97.94,9.23,1.22,47344,3.97,0,130.8,2.23,18.18,282.79,0.98,0.9,13.9,127.16,110.23,15.42,38.29,0.39,32.56,6.12,3.18,2.9,87315,568.77,72386,4.69,28098,876.36,8016.8,3894,120.7
UZB103,Paykend-23,Paykend,PAY 1,kiln furniture,,920-1020s CE,Other,56.03,14.02,84.13,6.21,1.03,37006,3.8,0,88.5,1.45,12.99,619.68,0.82,0.67,10.12,86.59,96.59,4.81,28.29,0.33,26.94,5.01,3.58,2.23,74310,512.61,99635,3.71,19438,633.07,13050,3017.8,99.62
UZB106,Paykend-27,Paykend,PAY 1,monochrome,,920-1020s CE,Closed Vessel,62.46,16.92,97.66,6.41,1.11,43267,3.79,0,57.71,1.52,15.57,340.16,0.82,0.72,11.71,87.06,65.56,7.16,31.92,0.37,28.12,5.68,2.9,2.48,82316,472.08,93402,4.27,14563,807.42,20723,3492.3,137.21
UZB107,Paykend-28,Paykend,PAY 1,monochrome,,920-1020s CE,Closed Vessel,64.01,17.05,97.59,7.06,1.17,43789,3.81,26.29,69.61,1.26,15.84,315.25,0.92,0.64,11.87,91.87,97.37,5.01,32.11,0.39,28.43,5.7,3.28,2.5,78843,421.38,91493,4.51,13933,797.38,19655,3742.2,146.02
UZB034,BKH20-93-22,Bukhara,PAY 2,monochrome,monochrome green,10th c. CE,Closed Vessel,65.84,17.27,102.32,8.95,1.19,44847,3.92,76.96,108.35,2.2,16.49,395.04,0.96,0.99,12.21,107.36,105.44,9.49,32.91,0.38,30.43,5.89,3.48,2.9,81246,523.27,90481,4.89,23754,791.97,13934,3946.8,128.79
UZB096,Paykend-7,Paykend,PAY 2,monochrome,,2nd half of the 10th c. to 1st quarter of the 11th c. CE,Closed Vessel,62.81,17.73,99.68,7.4,1.14,43438,3.8,40.37,103.56,1.77,15.77,608.28,0.8,0.96,11.58,104.92,114.19,9.88,31.54,0.36,30.7,5.6,4.81,2.7,78164,511.02,96357,4.17,22495,831.58,12785,3598.9,128.54
UZB104,Paykend-24,Paykend,PAY 2,kiln furniture,,920-1020s CE,Unknown,62,16.98,99.35,7.92,1.13,44167,3.71,0,118.88,1.92,15.98,553.05,0.89,0.98,11.67,99.28,105.26,15.01,31.06,0.38,28.5,5.5,4.27,2.82,81496,674,96136,4.6,25794,806.58,10548,3923.8,126.2
UZB095,BKH22-282-k,Bukhara,PAY 3,monochrome,,12th c. CE,Open Vessel - Unknown,61.49,15.69,91.63,7.56,1.12,43181,4.19,0,93.87,2.18,15.52,368.2,0.92,0.9,11.53,93.57,127.93,17.13,30.29,0.36,26.32,5.45,3.88,2.47,79958,444.12,93622,4.12,21862,691.86,12480,3659,133.9
UZB100,Paykend-17,Paykend,PAY 3,monochrome,,920-1020s CE,Closed Vessel,63.71,15.4,93.06,4.55,1.12,39433,4.54,17.94,60.03,2.43,14.15,359.19,0.84,0.81,11.28,82.45,137.28,21.15,31.86,0.37,27.63,5.73,2.93,2.48,69997,461.86,90326,4.18,20411,759.17,16946,3624.4,122.35
UZB101,Paykend-18,Paykend,PAY 3,kiln furniture,,920-1020s CE,Other,66.74,18.43,100.26,6.97,1.19,44483,3.85,0,67.79,2.02,16.03,349.55,0.93,0.76,11.74,104.57,100.21,20.27,32.93,0.39,32.04,6.07,3.61,2.4,81204,512.75,97151,4.1,17895,867.31,15218,4116.6,127.44
UZB102,Paykend-19,Paykend,PAY 3,kiln furniture,,920-1020s CE,Other,59.21,15.4,90.45,6.46,1.09,39036,3.87,0,79.09,2.27,14.04,341.62,0.8,0.75,10.72,100.94,84.81,18.12,30.25,0.34,26.92,5.27,3.07,2.62,75950,511.41,90768,3.92,19390,732.35,15574,3072.7,122.51
NISH-17,,Nīshāpūr,SAMK,slipware,samanid,,,64.8,9.41,144.6,6.35,1.153,29500,6.19,52,106,1.78,11.85,537,1.01,0.8,11.21,89,,12.2,28.38,0.292,25.2,4.58,2.29,1.98,74100,432,75900,4.04,29000,810,13950,3580,107
NISH-21,,Nīshāpūr,SAMK,slipware,samanid,,,64.8,9.7,138.2,6.6,1.147,30800,6.53,49,86,1.81,12.29,199,0.9,0.78,11.25,108,,13,27.17,0.323,26.9,4.69,2.11,2.17,76600,737,79800,4.2,22000,1029,11110,4080,103
NISH-23,,Nīshāpūr,SAMK,slipware,samanid,,,66.3,10.01,162.4,6.66,1.209,32500,6.17,39,88,1.67,12.8,368,0.88,0.82,11.3,100,,19.2,30.63,0.312,27.2,4.76,2.28,2.43,75200,479,85800,4.4,27700,971,10520,3570,116
SMKD-01,1801-1898 V&A,Afrāsiyāb,SAMK,slipware,samanid,,,69.7,10.29,167.3,7.65,1.244,34300,5.73,32,104,3.19,13.05,251,0.89,0.79,11.7,124,,17.2,35.94,0.419,32.6,6.02,4.8,2.85,67800,526,77900,5.44,22600,581,10360,4220,159
SMKD-02,C176-1911 V&A,Afrāsiyāb,SAMK,slipware,samanid,,,71,10.99,155.9,6.81,1.351,35100,6.97,44,97,2.83,13.03,322,0.94,0.91,11.71,98,,12.4,34.48,0.403,30.5,5.66,6.05,2.76,63700,591,69800,5.26,22000,558,9820,3730,137
SMKD-04,C163-1911 V&A,Afrāsiyāb,SAMK,slipware,samanid,,,65.2,10.2,146.7,6.72,1.87,31000,6.33,39,86,2.19,12.01,284,0.88,0.77,10.91,94,,13.3,35.09,0.386,28.4,5.34,3.74,2.97,59600,463,79500,5,21600,520,9340,3730,81
SMKD-05,1667-1898 V&A,Afrāsiyāb,SAMK,opaque,white opaque,,,66.9,10.29,155.8,7.95,1.239,36100,5.82,56,94,1.72,14.1,216,0.92,0.73,11.54,101,,21.3,29.6,0.375,27.9,5.12,3.66,3.18,59600,616,81900,4.85,21300,634,9090,3470,90
SMKD-06,C97-1900 V&A,Afrāsiyāb,SAMK,slipware,samanid,,,70.2,12.14,151.3,7.01,1.261,34400,5.96,54,110,2.31,13.61,482,0.93,0.83,11.5,113,,20.5,35.84,0.36,30.9,5.72,4.13,3.09,62500,708,72300,5.04,22300,639,10080,3920,101
SMKD-07,C190-1911 V&A,Afrāsiyāb,SAMK,opaque,white opaque,,,68.9,10.89,155.6,7.05,1.314,35300,5.84,52,97,1.86,13.99,340,0.93,0.86,12.02,105,,13.9,32.71,0.388,31.7,5.52,3.82,3.01,62300,513,76000,5.21,21400,503,9900,3530,127
SMKD-08,C179-1911 V&A,Afrāsiyāb,SAMK,slipware,samanid,,,65.8,11.1,167.3,6.69,1.238,32000,5.99,37,110,1.94,12.7,452,0.91,0.76,11.38,261,,15.9,31.49,0.363,36.6,5.76,4.49,2.78,62800,907,95400,5.22,19800,608,8830,3370,188
UZB003,BKH20-14-1,Bukhara,SAMK,splashed sgraffito,splashed sgraffito,end of 10th-early 11th c. CE,Open Vessel - Dish,55.89,8.22,129.96,5.89,1.08,27584,4.88,0,86.09,1.34,10.57,518.33,0.89,0.7,9.39,84.17,198.1,10.32,29.49,0.35,28.73,5.6,7.08,2.33,55305,417.51,114680,4.41,21631,519.01,8536.8,2786.9,114.32
UZB004,BKH20-15-20,Bukhara,SAMK,splashed sgraffito,splashed sgraffito,end of 10th-early 11th c. CE,Open Vessel - Unknown,56.71,9.09,138.59,6.06,1.14,28365,5.04,58.46,87.82,1.53,10.92,409.71,0.9,0.7,9.69,86.77,186.14,11.32,30.61,0.37,27.46,5.76,6.43,2.67,60087,429.75,107050,4.54,20137,544.39,8756.3,3254.6,120.73
UZB010,BKH20-42-6,Bukhara,SAMK,splashed,splashed ware,end of 10th-early 11th c. CE,Open Vessel - Unknown,67.59,8.95,146.78,6.9,1.26,29803,6.11,0,98.19,1.7,11.67,253.15,0.99,0.98,11.59,91.77,186.16,13.57,37.47,0.45,31.32,6.67,4.94,2.87,66373,503.05,58269,5.2,23481,566.04,9788.9,3537.9,109.52
UZB026,BKH20-85-25,Bukhara,SAMK,splashed sgraffito,splashed sgraffito,1st half of the 10th c. CE,Open Vessel - Unknown,64.06,9.94,131.59,7.01,1.28,31923,5.51,44.96,98.26,1.7,12.4,443.01,0.96,0.82,10.76,123.81,197.69,15.58,34.17,0.41,34.59,6.58,5.69,2.89,67397,536.91,53624,5.19,26465,592.25,10832,3780.1,134.78
UZB027,BKH20-87-21,Bukhara,SAMK,splashed sgraffito,splashed sgraffito,end of 10th-early 11th c. CE,Open Vessel - Dish,66.59,9.94,138.59,6.69,1.31,29285,5.09,62.37,95.28,1.47,12.26,362.53,0.9,1.02,10.89,101.25,147.12,12.02,34.77,0.41,33.8,6.87,7.82,3.04,63993,478.6,80636,5.37,21326,619.82,8927.2,3859.1,129.91
UZB078,BKH22-153-b,Bukhara,SAMK,imitation lustre,early islamic? Imitation lustre?,9th c. CE,Open Vessel - Bowl,62.85,8.95,137.81,6.61,1.32,31708,5.32,48.51,98.54,1.66,11.95,540.79,0.99,0.89,10.45,199.96,142.98,14.19,32.31,0.38,32.65,6.46,6.33,2.72,63411,516.15,74189,6.5,29795,525.22,10279,3705.2,142.57
UZB084,BKH22-201-ab,Bukhara,SAMK,splashed sgraffito,splashed sgraffiato,1st half of 10th c. CE,Open Vessel - Unknown,68,10.23,140.85,6.59,1.28,32452,6.23,53,97.75,2.3,11.93,355.91,1.03,0.93,11.14,118.28,170.3,10.48,35.18,0.38,34.63,6.55,6.59,2.94,65067,576.8,63167,4.77,22983,572.73,11340,3290.3,110.75
UZB090,BKH22-266-e,Bukhara,SAMK,opaque,monochrome blue,9th c. CE,Open Vessel - Unknown,67.61,10,121.8,5.7,1.23,31602,6.3,80.54,89.07,1.36,11.7,326.97,1.09,0.84,11.18,90.16,150.21,16.54,35.31,0.38,32.75,6.33,4.27,2.81,67535,435.97,77437,4.9,20949,558.9,12110,3827.4,122.57
UZB025,BKH20-85-5,Bukhara,TASH,slipware,slipware - pseudo-calligraphic,beginning og the 11th c. CE,Open Vessel - Unknown,69.09,14.35,79,5.99,1.19,35864,4.21,0,88.64,1.98,13.47,388.33,1.07,0.9,13.08,139.42,110.44,16.38,34.99,0.38,32.27,5.97,4.4,2.65,73053,646.65,95453,4.63,26901,718.06,9027.8,3916.1,102.57
UZB051,BKH21-210-4,Bukhara,TASH,slipware,slipware - calligraphic,10th c. CE,Open Vessel - Unknown,70.4,14.13,81.14,6.31,1.24,38217,4.79,21.58,93.66,1.94,13.72,354.58,1.04,0.94,13.23,146.62,113.7,19.89,35.54,0.4,32.85,6.03,2.9,2.68,80153,636.83,79627,4.95,25214,784.94,10051,4151.4,100.43
UZB054,BKH21-210-28,Bukhara,TASH,slipware,polychrome slipware - calligraphic,10th c. CE,Open Vessel - Unknown,68.75,12.19,75.29,5.15,1.23,32504,4.91,0,82.76,1.91,12.59,332.2,1.04,0.68,13.01,142.33,128.53,17.34,35.11,0.39,32.15,6,3.12,2.91,72258,604.21,78247,4.42,24021,699.88,10556,4054.2,80.08
UZB112,TASH002,Tashkent,TASH,opaque,opaque white with green decoration,9th c. CE,Open Vessel - Unknown,64.27,13.43,81.75,6.03,1.18,34969,4.81,0,85.19,2.34,12.52,389.85,0.98,0.8,11.85,112.94,135.82,15.62,33.29,0.37,31.35,5.8,3.27,2.59,70336,667.06,90760,4.46,23741,766.43,11631,3748.4,86.65
UZB114,TASH006,Tashkent,TASH,opaque,opaque white with green and brown,9th c. CE,Open Vessel - Unknown,66.83,13.08,93.58,5.84,1.16,33889,5.49,0,88.18,1.73,12.66,408.45,0.99,1.16,11.81,90.36,149.48,15.04,34.18,0.37,31.11,5.88,4.99,3.03,72057,573.53,72506,4.59,23071,610.8,13205,4012.3,106.47
UZB115,TASH007,Tashkent,TASH,opaque,opaque white with green and brown,9th c. CE,Open Vessel - Unknown,69.01,15.47,92.98,7.24,1.22,38885,4.98,0,111.45,1.99,13.89,368.54,1.02,1.27,12.44,92.41,140.21,15.63,34.5,0.4,30.99,6.12,3.18,2.85,72984,613.46,70897,5.18,26986,992.45,11008,4255.7,98.89
UZB116,TASH008,Tashkent,TASH,slipware,white spots with transparent green,first half of the 10th c. CE,Open Vessel - Bowl,66.85,13.69,75.36,7.13,1.16,35553,4.67,59.18,105.06,1.92,12.72,375.67,1.02,1.11,12.94,98.1,120.92,13.87,34.28,0.38,27.83,5.75,2.87,2.61,66211,589.9,90235,4.84,22441,820.6,9009.2,4107.1,92.5
UZB117,TASH010,Tashkent,TASH,slipware,polychrome slipware with green splashed,first half of the 10th  c. CE,Open Vessel - Bowl,66.91,13.72,79.25,3.9,1.12,34859,5.44,59.96,76.43,2.32,12.38,342.36,1.03,0.9,12.09,94.96,136.09,16.14,34.36,0.38,30.47,5.95,3.68,2.96,69702,623.09,86421,4.84,20763,816.51,10284,3380.6,88.38
UZB118,TASH012,Tashkent,TASH,slipware,polychrome slipware with green splashes,10th c. CE,Open Vessel - Bowl,67.55,13.36,80.1,6.49,1.21,35887,5.06,31.81,107.73,1.52,13.11,405.61,1.01,1.14,12.49,128.79,120.34,12.06,33.97,0.37,31.04,5.95,3.45,3.04,71594,638.67,74488,4.47,28012,715.93,10899,3987.9,87.31
UZB119,TASH013,Tashkent,TASH,slipware,polychrome slipware with green splashed and incision,10th  c. CE,Open Vessel - Unknown,72.85,14.2,81.12,7.99,1.22,39043,4.78,57.78,114.82,1.72,13.96,442.08,1.11,0.81,14,123.15,95.07,14.64,36.79,0.4,30.37,6.23,3.88,3.05,76057,650.52,66076,4.72,29375,845.48,9772.7,4087.2,87.17
UZB121,TASH023,Tashkent,TASH,slipware,pseudo calligraphic,11th c. CE,Open Vessel - Unknown,73.87,15.67,86.34,5.58,1.27,39939,4.55,56.03,98.1,2,14.53,305.18,0.98,1.23,14.46,123.89,132.7,15.08,37.18,0.41,31.39,6.25,3.18,3.05,77792,607.77,88171,5.28,24637,764.39,9878.8,4171,99.93
UZB122,TASH025,Tashkent,TASH,slipware,pseudo calligraphic,11th c. CE,Open Vessel - Bowl,68.76,13.55,72.54,4.79,1.2,34742,4.88,12.28,81,1.93,12.41,431.52,1.04,0.8,13.27,91.07,119.21,16.59,34.83,0.38,29.89,5.85,3.62,2.65,66952,741.3,93920,4.46,23022,820.08,8604.2,3935.5,101.05
UZB123,TASH027,Tashkent,TASH,slipware,calligraphic,11th c. CE,Open Vessel - Bowl,73.53,16.9,81.14,8.78,1.28,39850,4.73,0,113.74,2.19,14.22,307.61,1.02,0.85,14.98,130.07,145.25,16.25,37.22,0.42,30.96,6.13,3.19,2.96,74279,710.92,69039,4.95,31504,1146.7,8930.4,4005.8,103.73
UZB124,TASH029,Tashkent,TASH,slipware,calligraphic,10th c. CE,Open Vessel - Bowl,72.18,15.1,78.21,6.48,1.24,38009,4.54,0,106.78,2.16,13.51,340.38,1.03,0.88,14.48,112.87,106.12,14.15,37.03,0.37,32.25,6.02,2.78,2.8,74787,643.23,88290,4.34,25198,887.03,9180.1,3203.2,101.22
UZB125,TASH031,Tashkent,TASH,slipware,polychrome slipware,10th c. CE,Open Vessel - Bowl,70.68,13.81,78.82,6.64,1.25,36353,5.35,20.15,110.03,1.77,12.91,357.48,1.08,0.93,13.72,124.71,139.56,11.97,35.58,0.39,28.79,6.13,3.1,3.12,70867,649.08,80992,4.63,24419,779.17,10084,4088.9,66.97
UZB126,TASH033,Tashkent,TASH,slipware,polychrome slipware with incision,10th c. CE,Open Vessel - Bowl,73.13,12.37,74.99,7.57,1.24,37370,4.93,30,114.25,1.81,13.52,297.99,1.07,1.2,14.35,135.52,128.37,13.36,36.99,0.4,31.69,6.15,3.73,3.1,73520,682.27,64971,4.94,29802,716.59,10261,3429.9,84.66
UZB127,TASH038,Tashkent,TASH,slipware,polychrome slipware with incision,10th c. CE,Open Vessel - Unknown,70.08,12.72,80.66,6.51,1.21,35502,5.84,0,110.06,1.69,12.89,343.4,1.1,0.81,12.82,123.74,129.94,11.03,35.81,0.41,32.23,6.09,3.05,3.05,71452,647.86,58019,4.76,22871,724.37,11344,3689.5,79.6
UZB128,TASH040,Tashkent,TASH,slipware,polychrome slipware - yellow,11th c. CE,Open Vessel - Unknown,74.94,12.94,75.55,8.41,1.27,37139,5.06,34.96,117.47,2.12,13.83,368.42,1,1.14,14.08,123.97,132.02,16.4,38.06,0.44,30.03,6.41,3.18,2.91,71928,831.48,62910,4.99,24211,784.64,9876.9,4040.1,81.39
UZB129,TASH042,Tashkent,TASH,slipware,polychrome slipware - yellow,11th c. CE,Open Vessel - Unknown,70.67,11.86,79.13,7.61,1.2,36588,5.21,0,112.07,2.01,13,253.07,1.08,0.85,13.56,106.61,85.91,13.96,35.6,0.38,31.61,5.98,3.09,2.5,70772,614.31,67296,4.8,26667,761.89,10429,4073.7,99.02
UZB130,TASH043,Tashkent,TASH,slipware,polychrome slipware - yellow,11-12th c. CE,Open Vessel - Unknown,73.31,15.16,78.01,8.01,1.25,38711,5.09,21.6,114.12,1.83,13.72,362.81,1.07,0.82,14.13,90.54,122.41,17.31,37.98,0.39,32.93,6.31,3.37,3.05,75797,668.52,71602,4.87,29497,1044.3,10220,4192.4,101.44
UZB131,TASH045,Tashkent,TASH,slipware,polychrome slipware - yellow,11th c. CE,Open Vessel - Unknown,71.76,13.03,84.41,8.06,1.24,37301,4.77,0,110.72,2.11,13.18,285.72,1.05,0.83,13.74,110.97,110.21,16.64,36.69,0.42,31.85,6.15,3.24,2.51,75367,616.67,69968,4.83,27333,863.35,10025,3771,95.6
UZB132,TASH051,Tashkent,TASH,slipware,polychrome slipware - dots,10th c. CE,Unknown,66.01,11.92,68.55,5.79,1.16,32508,4.87,0,97.15,1.42,11.89,397.1,1,0.77,12.95,93.47,138.86,12.21,34.36,0.41,29.14,5.77,3.15,2.82,65578,556.68,89867,4.39,21881,716.43,9642.9,3602.1,77.13
UZB133,TASH054,Tashkent,TASH,slipware,monochrome slipware - olive,10th c. CE,Open Vessel - Unknown,67.83,10.34,72.87,6.18,1.19,30801,5.48,0,103.99,1.36,11.69,523.08,0.98,0.82,12.35,96.26,156.77,16.31,34.07,0.37,28.6,5.84,2.61,2.95,67107,676.79,78567,4.82,26699,791.08,10577,3376.4,81.6
UZB134,TASH056,Tashkent,TASH,slipware,polychrome slipware - red base,11th c. CE,Other,69,11.99,66.66,4.38,1.19,33959,4.86,0,77.07,1.88,12.48,355.16,1.04,0.77,13.53,114.87,113.32,19.35,35.51,0.37,33.71,5.91,3.09,2.68,71424,713.21,77907,4.36,25399,720.71,9759.9,3919.2,82.33
UZB136,TASH059,Tashkent,TASH,slipware,polychrome slipware - black base,10th c. CE,Open Vessel - Unknown,71.98,15.12,80.99,5.8,1.28,38019,5.06,0,93.45,2.59,13.87,375.97,1.09,0.93,13.64,113.86,130.13,18.42,36.52,0.42,32.25,6.06,3.57,2.9,72461,712.12,79028,4.79,23317,922.2,9773.4,3388.2,103.89
UZB137,TASH061,Tashkent,TASH,slipware,polychrome slipware - yellow,11th c. CE,Open Vessel - Bowl,72.37,14.62,83.1,7.01,1.29,38304,5.44,42.11,108.89,2,13.78,497.32,1.05,1.15,13.65,143.81,149.08,12.37,36.73,0.41,33.3,6.28,3.31,3.19,71258,819.87,59325,4.78,25373,829.08,10352,3870,87.96
UZB138,TASH063,Tashkent,TASH,slipware,polychrome slipware - black base,10th c. CE,Open Vessel - Unknown,65.16,12.11,71.31,6.73,1.15,33697,4.99,25.2,102.16,1.77,11.98,339.81,0.96,0.77,12.56,89.23,122.03,14.4,33.98,0.36,28.8,5.72,2.77,2.7,67854,679.85,75672,4.71,25544,702.12,10158,3825.5,80.5
UZB140,TASH070,Tashkent,TASH,slipware,polychrome slipware with incision,10th c. CE,Open Vessel - Unknown,65.97,12.77,65.32,5.78,1.15,33272,5.05,35.24,103.37,1.69,11.76,338.2,0.94,0.76,12.9,96.06,126.14,14.93,34.35,0.37,30.38,5.78,3.5,2.63,66016,684.07,91606,4.33,24031,763.74,9593.8,3819,75.87
UZB143,TAZ003,Taraz,TASH,slipware,polychrome slipware - yellow,Early Islamic,Open Vessel - Unknown,64.19,12.74,65.32,6.16,1.12,32255,5.23,40.92,99.69,1.94,11.35,360.48,1.09,0.74,12.04,88.67,152.07,15.45,32.98,0.36,28.51,5.66,4.09,2.67,64304,617.47,84269,4.24,25574,768.71,9642.4,3641.7,71.83
UZB144,TAZ006,Taraz,TASH,slipware,polychrome slipware - yellow,Early Islamic,Open Vessel - Unknown,71.43,13.62,78.16,7.85,1.2,37850,4.74,0,115.2,2.14,13.3,313.92,1.01,0.79,13.49,110.25,127.79,17.42,36.18,0.36,31.89,6.09,3.42,2.44,72381,686.3,75075,4.65,30221,903.95,9049.4,4384,89.16
UZB145,TAZ007,Taraz,TASH,slipware,polychrome slipware - yellow,Early Islamic,Open Vessel - Unknown,65.54,13.55,78.03,6.6,1.11,35321,4.87,54.31,108.8,2,12.28,441.38,1.11,0.74,12.24,108.2,108.59,18.53,33.75,0.35,28.62,5.71,2.41,2.61,73033,668.86,81247,4.66,27195,894.54,9928,3967.4,77.63
KAZ007,,Lower Barskhan,TAZ - Group 3,,"Glazed - green, white and brown slip",11-12th c. CE,,75.0907,18.1716,104.7567,7.7332,1.2348,42859,4.8412,48.2469,123.4836,3.6112,15.6111,273.6232,1.0024,0.8146,13.0903,112.561,129.1552,19.3491,37.4272,0.4127,30.4207,6.3188,3.6146,3.0264,74423,624.2,56367,4.6382,27964,1077.3,10136,3463.1,102.99
KAZ009,,Lower Barskhan,TAZ - Group 3,,"Glazed - yellow, green, and brown over underlying white slip",11-12th c. CE,,78.1123,18.9054,109.261,8.3955,1.3399,45008,4.6117,78.3827,126.0011,2.7235,16.3291,416.2358,1.0466,0.8416,13.8809,108.1311,111.0732,19.4694,39.4416,0.4415,31.6771,6.7769,3.6254,2.9577,74037,695.6,66542,5.1412,28873,1061.19,7981.1,3609.3,111.18
KAZ010,,Lower Barskhan,TAZ - Group 3,,Glazed - white and green,11-12th c. CE,,75.774,16.7262,101.7684,7.2781,1.2477,42232.7617,5.0929,73.5573,127.9648,3.5118,15.1348,263.9921,0.9433,0.7826,12.7563,101.3325,151.676,17.5624,37.7719,0.4343,27.9652,6.254,2.8179,2.8037,74312,738.4,51389,4.8872,31237,1093.03,11264.6,4232.6,104.61
KAZ018,,Kulan,TAZ - Group 3,,Glazed - yellow and brown,10-12th c. CE,,76.6378,18.4203,108.2615,7.694,1.2866,42341,4.5758,0,114.9223,3.5309,15.4177,410.6019,1.0098,0.8615,13.4166,119.1771,103.6188,17.4452,38.471,0.4285,31.6665,6.4173,3.3113,2.8698,68190,671.6,75883,4.3943,24438,921.57,9415.8,4008.2,92.82
KAZ066,,Aktobe,TAZ - Group 3,,Glazed - White with brown incised decoration,10-12th c. CE,,79.5819,16.5722,89.8023,11.5711,1.286,42346.6602,4.6016,0,155.7883,2.7654,15.5512,407.969,1.1112,0.8829,15.9329,106.4944,128.2182,20.0071,39.6763,0.4688,30.8286,6.9123,4.0015,3.2205,96941,706.2,53495,5.1329,31797,1012.1,8877.5,4416.1,114.3
KAZ072,,Aktobe,TAZ - Group 3,,"Glazed - white, brown and red decoration, slightly dull",10-12th c. CE,,81.3524,21.4961,125.1117,9.0284,1.3692,48672.3281,4.7383,0,142.2838,3.4211,17.9876,346.0333,1.0119,0.8559,14.888,130.0862,84.1932,20.5514,40.3189,0.4537,31.7257,6.8325,4.2713,3.0299,98048,699.4,66129,5.1758,29396,1179.8,7869.3,4190,118.9
KAZ076,,Aktobe,TAZ - Group 3,,Glazed - monochrome white,10-12th c. CE,,78.3387,19.9452,113.1602,8.3142,1.2919,47663.9766,5.1041,71.9907,133.831,5.9443,17.1545,280.8756,1.0389,0.8245,14.0721,112.6737,141.1885,19.6275,38.0901,0.4287,30.7874,6.478,3.5435,3.0929,79846,694.2,56513,4.9171,29587,1118.32,9295.3,3765.9,94.56
KAZ078,,Aktobe,TAZ - Group 3,,Glazed - white and brown,10-12th c. CE,,86.96,19.4175,138.1657,7.4574,1.432,44712.4336,5.4668,71.9951,125.5174,5.4946,16.3479,284.4955,1.1261,0.9493,14.7184,118.0021,131.7798,22.938,43.2879,0.4715,34.2619,7.0716,3.2613,3.2508,73843,703.1,54785,4.9699,28130,1015.88,10511.7,4209.5,96.02
KAZ079,,Aktobe,TAZ - Group 3,,Glazed - light green,10-12th c. CE,,80.0132,20.3544,112.7248,8.1641,1.3442,44700.3594,5.1029,0,134.1827,6.6302,16.631,291.3808,1.0703,0.8355,13.7394,118.7367,135.5672,21.1622,39.6478,0.45,31.5585,6.6618,3.9344,3.1083,79346,753,48019,5.1456,32472,911.63,9705.5,4323.9,111.15
KAZ087,,Tamdy,TAZ - Group 3,,Glazed - white with grey (burn?),11-12th c. CE,,71.7468,16.3095,97.2185,7.3643,1.2376,39797.207,4.8913,68.2648,122.8423,2.7077,14.5213,370.7579,0.9807,0.8513,12.928,92.949,124.1978,16.2149,35.8684,0.4271,29.8076,6.3028,3.3987,2.7195,74081,665.8,66239,4.5251,30320,939.11,8937.9,4069.8,112.67
KAZ089,,Tamdy,TAZ - Group 3,,Glazed - light green on interior,11-12th c. CE,,81.8673,20.2663,122.4179,8.6815,1.3893,47848.125,4.7912,82.6472,133.0047,2.6545,17.355,248.7161,1.106,0.8613,15.1431,109.5361,134.7144,14.0287,41.1682,0.4394,31.3356,6.8479,3.6141,2.955,88269,701.1,46538,4.7862,32761,1094.4,8917.8,3905.8,113.5
KAZ090,,Tamdy,TAZ - Group 3,,Glazed - monochrome white,11-12th c. CE,,75.1475,20.7497,113.5851,9.3422,1.2871,47895.0625,4.8647,0,142.5181,5.336,17.5849,376.9067,1.0984,0.9391,13.4034,141.1058,152.3606,15.2882,36.9587,0.4414,30.8643,6.4095,3.9077,3.1316,87978,746.1,53664,4.7698,31581,1165.2,8202.8,4367,117.3
KAZ100,,Bektobe,TAZ - Group 3,,Glazed - green ,11-12th c. CE,,77.5263,20.0654,111.6257,7.3913,1.2962,45607.2227,4.9022,60.7059,119.5911,4.1544,16.6076,287.4026,1.0379,0.8542,14.2315,125.3798,127.2788,20.4744,38.0897,0.4426,29.8757,6.5079,4.4545,2.8144,86279,643.7,64203,4.7121,28634,992.8,8775,4105.2,118.8
KAZ124,,Lower Barskhan,TAZ - Group 3,,Glazed - white and brown ,11-12th c. CE,,82.415,21.739,118.81,8.223,1.3172,49947,4.759,0,136.67,3.8787,18.516,310.11,1.041,0.9219,14.412,131.85,75.45,21.097,39.348,0.443,34.555,6.897,4.3916,2.9357,89173.2,735.2,60590,4.9097,33414.5,1067.44,9628.1,4046.2,145.91
KAZ125,,Lower Barskhan,TAZ - Group 3,,Glazed - fragmentary white,11-12th c. CE,,81.121,20.091,111.86,8.2619,1.2953,47210,4.6916,77.33,141.49,3.6358,18.375,443.72,1.1006,0.6828,13.542,129.67,95.16,15.268,37.992,0.4285,35.048,6.7284,4.5557,2.9858,85337.7,650.8,73909.4,5.0567,27646,1236.48,8375.1,4149,97.77
KAZ129,,Lower Barskhan,TAZ - Group 3,,Glazed - white,11-12th c. CE,,75.425,18.392,105.5,7.5877,1.2268,43452,5.3141,0,136.37,3.5937,16.557,273.1,1.1918,0.6744,13.535,112.06,173.56,16.722,38.245,0.4106,34.21,6.3876,3.3856,2.6127,71991.2,650.5,53526.8,4.4044,29366,1054.05,9606.7,3476.8,100.54
KAZ144,,Tamdy,TAZ - Group 3,,Glazed - yellow with yellowish decoration,10-12th c. CE,,81.215,19.415,110.2,7.872,1.2965,45319,5.087,0,140.37,3.7016,17.143,494.13,1.0721,0.7901,14.94,112.42,127.35,16.961,40.882,0.4288,33.974,6.5346,3.3986,3.123,81697.4,731.1,44575.2,4.9066,33375.2,1222.43,11010.3,3389.5,106.53
KAZ149,,Bektobe,TAZ - Group 3,,Glazed - white with green designs,11-12th c. CE,,73.935,21.984,118.6,9.2171,1.2897,50791,4.7934,95.8,143.88,4.6438,18.541,242.89,1.1049,0.8405,14.194,133.89,91.75,19.597,37.535,0.4465,31.231,6.7207,3.904,3.0829,85276.9,669.3,67584.1,4.7582,32201,1094.85,7358.3,3540.4,132.93
KAZ152,,Bektobe,TAZ - Group 3,,Glazed - white with brown designs,11-12th c. CE,,86.582,22.571,125.71,9.7349,1.3763,52883,4.9178,0,155.98,4.6389,20.328,247.69,1.0731,0.5265,14.052,121.62,91.21,19.885,42.412,0.4621,32.522,7.367,4.4018,3.2203,88479.5,815.1,47960.6,5.0398,32360.6,1359.81,8582,4356.4,114.98
KAZ153,,Bektobe,TAZ - Group 3,,Glazed - white with brown designs,11-12th c. CE,,86.013,20.492,118.29,8.9454,1.4397,45638,5.4284,0,144.26,4.2177,17.937,294.15,1.0606,0.6911,14.451,111.13,95.5,14.819,43.044,0.4797,35.614,7.1858,4.0233,2.9654,81380.1,716,54612.9,5.3522,31078.6,1048.41,9736.9,4562.6,101.63
KAZ155,,Bektobe,TAZ - Group 3,,Glazed - reddish brown ,11-12th c. CE,,79.79,17.055,102.71,7.6553,1.3561,42935,5.3221,0,133.36,1.9357,14.927,426.88,1.0438,1.0038,14.919,86.06,81.82,16.396,39.773,0.4433,33.931,6.8248,3.4395,3.0127,83583,718.8,49848.2,4.9404,31551.1,924.38,10157.2,4115.1,117.45
KAZ166,,Merki,TAZ - Group 3,,Glazed - green and brown,10-12th c. CE,,71.736,16.995,92.559,8.4126,1.2947,42415,4.8116,0,130.53,4.1961,15.932,0,0.9999,0.922,13.104,122.22,96.83,22.942,36.391,0.3995,29.239,6.1882,2.5388,2.9926,79454.5,801.4,79055.2,4.5706,29226.8,893.64,7419.7,3774.2,103.25
KAZ168,,Merki,TAZ - Group 3,,Glazed - brown and white,10-12th c. CE,,75.653,18.831,109.53,7.8986,1.2737,44293,4.9581,0,136.92,4.0635,17.118,161.91,1.0607,0.7809,13.152,105.47,122.79,15.22,38.626,0.416,31.051,6.5326,3.1576,2.9534,79936.2,712.9,65973.4,5.1966,29941.4,1010.52,9328.1,3893.3,101.3
KAZ171,,Merki,TAZ - Group 3,,Glazed - monochrome white,11-12th c. CE,,78.982,18.812,110.83,6.5524,1.3358,44588,5.4519,0,116.71,3.4147,15.974,339.09,1.0458,0.8489,14.047,114.65,142.83,16.655,38.748,0.408,29.8,6.5818,3.2021,2.839,79951.9,677.6,65272.8,5.1413,30149.4,1014.79,9254.8,3962.2,94.3
KAZ175,,Taraz,TAZ - Group 3,,Glazed - monochrome white on exterior,11-12th c. CE,,75.675,16.278,92.002,9.2286,1.2322,43174,4.2735,59.36,131.84,2.1394,15.246,522.69,0.9909,0.9433,14.918,112.44,128.41,18.682,37.621,0.3989,30.342,6.3905,4.8379,2.6685,83241,678.6,75095.2,4.3541,27890.7,1094.04,8281.9,3561.9,111.93
KAZ176,,Taraz,TAZ - Group 3,,Glazed - monochrome white on interior,11-12th c. CE,,78.504,17.828,106.07,7.5552,1.2843,43036,4.8069,54.13,120.05,3.4059,15.467,422.89,0.9341,0.7003,14.66,131.86,128.08,19.325,37.42,0.4167,31.087,6.5114,4.3976,2.7776,78668,683,72702.4,4.8578,29559.2,1091.39,10274,3923.2,98.99
KAZ177,,Taraz,TAZ - Group 3,,Glazed - white and yellow,11-12th c. CE,,79.319,20.556,115.69,9.0329,1.2842,47127,5.4109,49.26,143.14,4.1591,17.295,281.21,1.0069,1.0486,14.088,127.33,137.78,22.915,38.269,0.3996,32.509,6.3811,2.5282,2.9827,85328.2,723.7,49666.8,4.6002,32038.8,1185.07,9294.3,3910.7,106.3
KAZ178,,Taraz,TAZ - Group 3,,Glazed - black and white,11-12th c. CE,,77.237,20.389,117.04,7.7183,1.2685,48490,4.5625,63.57,128.97,5.8715,17.495,381.95,0.9744,1.0231,14.348,122.84,115.34,18.243,37.803,0.4275,29.568,6.368,3.3585,2.8599,87135.5,703,69428.3,4.996,30976,1013.23,10078.4,3896.3,118.95
KAZ180,,Taraz,TAZ - Group 3,,Glazed - monochrome white,11-12th c. CE,,73.757,21.36,113.47,9.7595,1.2278,47374,4.5249,49.81,136.94,4.9679,17.606,349.6,1.0652,0.972,13.812,143.08,144.43,23.314,35.907,0.4318,26.033,6.0374,3.2013,3.0139,82768.8,742.9,58610.5,4.7549,31799.8,1179.88,11309.6,4277.9,117.26
KAZ182,,Taraz,TAZ - Group 3,,Slipped ceramic - highly decorated brown and red decoration over a white slip,11-12th c. CE,,79.805,21.554,117.36,7.0153,1.3273,49604,4.839,58.88,121.48,4.2397,17.517,321.02,1.0828,1.0873,14.912,133.01,135.03,25.769,39.046,0.4245,32.012,6.6282,3.2773,3.1823,86427.6,688.5,72118.7,4.8796,28714.3,1213.05,8466.9,4276.5,123.8
KAZ184,,Taraz,TAZ - Group 3,,Glazed - Light green,11-12th c. CE,,78.148,22.007,124.04,10.155,1.2747,50589,4.5284,78.76,143.42,4.9257,18.487,356.73,1.0403,1.0835,14.427,139.14,122.98,19.475,38.409,0.4224,32.217,6.3787,3.6166,3.0687,82479,740.3,62393.5,4.4301,32312.4,1134.4,7320,4332.2,99.42
KAZ185,,Taraz,TAZ - Group 3,,Glazed - Light green,11-12th c. CE,,80.435,18.864,121.02,8.4726,1.3222,47878,4.8103,65.89,130.54,4.3887,17.458,371.93,1.0377,0.7907,14.152,97.94,139.54,20.701,39.248,0.4171,33.901,6.582,3.3911,2.9687,78302.1,700.5,61311.8,4.7013,28380.9,1115.67,8928.7,4144.5,120.89
KAZ186,,Taraz,TAZ - Group 3,,Glazed - yellow,11-12th c. CE,,77.953,18.271,107.72,8.1888,1.2591,45892,4.7193,69.47,134.75,4.8341,16.512,349.71,1.0427,0.9443,13.434,111.19,112.11,27.004,38.365,0.4267,30.53,6.4767,3.812,2.8973,79868.4,677.7,51976.5,4.7852,30498.8,889.25,9176.9,4055.1,103.62
KAZ192,,Akyrtas,TAZ - Group 3,,Glazed - white with brown designs,11-12th c. CE,,78.409,19.514,111.79,8.2131,1.2358,45908,4.9148,25.79,131.41,3.9393,16.729,349.09,0.9839,1.0229,13.961,112.15,138.89,20.297,39.099,0.4148,32.457,6.4808,2.8282,3.0248,76035.6,689.2,62231.8,4.7781,26895.4,1180.29,9673.2,3648.8,108.43
KAZ194,,Akyrtas,TAZ - Group 3,,"Glazed - white, brown and black ",11-12th c. CE,,78.501,19.657,116.11,7.9981,1.2947,46462,4.7757,59.94,133.09,3.8108,16.779,359.63,1.0461,1.0626,13.89,106.33,133.22,20.015,39.171,0.411,31.708,6.4698,2.7011,3.1244,74453.2,764.6,65937.6,4.6203,26685.3,1180.82,9474.7,3724.8,123.11
KAZ195,,Akyrtas,TAZ - Group 3,,Glazed - dark broan and reddisn brown ,11-12th c. CE,,75.43,19.485,107.23,8.6103,1.2532,46252,4.9155,74.8,135.41,3.9674,16.764,333.07,1.0013,0.7351,13.56,114.78,145.91,21.792,37.494,0.4233,29.761,6.2371,3.3865,2.8143,79950.2,694.4,59267.5,4.5017,27441.3,1162.61,9022.9,3698,139.15
KAZ196,,Akyrtas,TAZ - Group 3,,Glazed - green over white engobe,11-12th c. CE,,81.497,20.117,112.07,8.4032,1.3,46904,5.0617,47.25,131.13,4.6472,16.924,346.65,1.1077,1.0269,14.214,119.39,148.17,17.632,40.892,0.4121,33.953,6.7473,3.019,3.0025,76164.1,736.7,57885.1,4.8099,26758.1,1133.07,9490,3998.3,101.58
KAZ206,,Bektobe,TAZ - Group 3,,"Glazed - yellow, red, brown over white",11-12th c. CE,,75.028,21.57,118.93,9.369,1.2782,50239,4.3039,67.6,142.02,4.227,18.405,397.33,1.0256,1.0046,14.123,132.09,114.91,18.292,36.425,0.4229,31.927,6.2959,4.3961,2.8925,81898.2,718.6,72771.7,4.6655,31104.5,1073.41,7313,3956.6,126.93
KAZ207,,Bektobe,TAZ - Group 3,,Glazed - White monochrome,11-12th c. CE,,80.608,20.869,117.17,9.1181,1.3462,48502,5.0797,42.8,135.47,4.7606,17.511,401.72,1.0807,1.1109,14.531,138.03,147.27,9.95,40.012,0.4329,32.973,6.7277,4.2177,3.0054,79711.2,695.4,61181.1,4.8965,32503.7,988.74,9419.2,3546,97.77
KAZ208,,Lower Barskhan,TAZ - Group 3,,"Glazed - White and Brown interior, white monochrome exterior",11-12th c. CE,,78.914,19.117,111.33,8.2216,1.2713,45539,5.2521,52.82,131.6,3.4782,16.333,256.7,0.9895,0.9257,14.111,110.23,160.06,15.967,39.065,0.4307,32.794,6.5196,4.0339,2.7971,77615.9,626.3,57124.3,4.7648,33632.2,1157.04,10342.1,4562.5,108.59
KAZ210,,Lower Barskhan,TAZ - Group 3,,Glazed - White-ish green,11-12th c. CE,,76.302,18.343,110.82,8.1125,1.2185,44010,4.8377,55.39,133.55,3.6327,15.928,408.17,0.9467,0.9713,13.235,108.54,142.11,18.799,38.45,0.4153,30.493,6.1434,3.5285,2.7953,76268.9,632.5,67805.9,4.5753,30325.4,1105.18,11616,4117.4,88.68
KAZ211,,Lower Barskhan,TAZ - Group 3,,"Glazed - Green interior, white exterior",11-12th c. CE,,75.733,19.667,107.97,8.5957,1.2294,45515,5.0994,57.33,129.72,3.7107,16.491,383.18,0.9919,0.7474,14.208,110.51,148.98,17.26,37.902,0.4187,29.271,6.3278,3.3756,2.8783,76093.5,737.8,72131.8,4.7467,31489.1,1157.15,8872.7,3408.6,99.77
KAZ213,,Lower Barskhan,TAZ - Group 3,,Glazed - light green,11-12th c. CE,,82.211,19.238,107.17,7.4324,1.3181,44420,5.3322,47.55,127.47,3.5615,15.847,289.31,0.9193,0.8974,14.227,112.18,118.39,15.064,41.326,0.4239,31.973,6.6552,3.008,2.7499,74289.4,669,48854.5,4.4874,38138.8,1120.55,12633.1,3805.7,87.69
KAZ218,,Arna,TAZ - Group 3,,,,,78.71,21.58,123.8,8.803,1.28,48672,5.175,67.59,135.5,4.509,17.52,219.1,1.045,0.743,14.52,137.7,126.1,20.12,39.88,0.4429,33.82,6.497,3.106,3.096,81892,606.8,45410,5.006,33187,1289,10621,4164,101.2
KAZ219,,Arna,TAZ - Group 3,,,,,80.82,21.63,119.1,8.866,1.331,49014,5.401,--,135.1,5.453,17.51,228.6,0.978,0.745,14.87,127.4,119,22.18,40.69,0.4037,34.37,6.555,2.948,2.631,84281,696.4,44607,5.294,34932,1258,10808,4364,95.6
KAZ220,,Arna,TAZ - Group 3,,,,,74.45,20.14,116.5,8.433,1.295,45966,4.804,46.81,131.6,3.216,17.15,301.4,0.999,1.01,14.22,123.6,104.8,14.68,37.18,0.4135,30.05,6.273,3.369,2.896,79061,597.1,52921,5.183,33904,1217,9738,3857,121.4
KAZ223,,Arna,TAZ - Group 3,,,,,78.49,18.97,108.2,7.742,1.348,44574,5.215,58.98,129.6,4.637,15.98,350.4,1.05,0.833,13.65,115.9,141.7,17.15,39.47,0.3942,32.92,6.471,2.909,3.066,75942,634.6,51293,5.238,31924,1202,12108,3734,100.6
KAZ224,,Arna,TAZ - Group 3,,,,,79.38,19.68,114.3,8.579,1.339,46758,5.502,58.09,136.1,4.896,16.95,320,1.077,0.722,14.4,124.8,126.6,20.78,40.23,0.4224,31.98,6.551,2.776,2.738,83347,654.7,43169,5.308,35054,1221,12219,4707,93.1
KAZ225,,Arna,TAZ - Group 3,,,,,81.29,20.97,123.7,8.558,1.349,48362,4.987,69.07,137.1,4.382,17.37,221.1,0.956,0.711,14.85,120.9,116.4,19.28,41.93,0.4102,30.07,6.607,2.8,2.664,82109,654.2,40550,5.16,32453,1219,10995,4563,103.3
KAZ226,,Arna,TAZ - Group 3,,,,,74.53,18.11,104,7.273,1.245,41944,4.997,53.14,113.9,3.374,15.12,314.8,0.971,0.797,13.12,117.8,138.6,17.6,38.6,0.4053,33.03,6.284,2.491,3.004,78525,623.5,54444,4.789,29134,1104,13492,4038,114.5
KAZ227,,Arna,TAZ - Group 3,,,,,78.21,19.95,112.3,8.058,1.285,43440,5.407,--,130.9,3.653,16.12,277.2,1.093,0.747,14.11,120,155.6,20.25,39.3,0.3941,33.63,6.417,3.207,2.601,81815,710.5,49925,4.597,32145,1127,12963,4361,100.5
KAZ231,,Arna,TAZ - Group 3,,,,,77.6,18.35,102.4,7.492,1.28,42691,5.085,65.03,122.2,5.176,15.2,275.4,0.997,0.683,13.45,127,164.8,16.78,39.04,0.412,34.18,6.391,3.071,3.055,76023,621.7,45261,4.717,31707,1105,12843,4062,102.3
KAZ232,,Arna,TAZ - Group 3,,,,,76.21,20.94,114.8,8.322,1.317,47255,5.245,76.19,128.9,4.177,16.89,225,0.986,0.865,13.93,148.6,119.1,17.76,38.29,0.4174,34.52,6.513,2.646,2.649,81042,753.9,55638,5.359,31653,1235,11669,4434,108.2
KAZ233,,Arna,TAZ - Group 3,,,,,77.8,19.9,109.9,8.796,1.323,45360,4.811,17.72,124.7,3.76,16.83,245,1.073,0.651,14.07,142.8,117.2,20.77,39.81,0.4099,34.98,6.506,3.766,3.097,79589,648.3,52004,4.939,34960,1175,11302,4498,101.3
KAZ244,,Talapty,TAZ - Group 3,,,,,74.85,18.11,102.5,8.176,1.322,42655,4.904,36.35,127.5,2.923,15.48,270.9,1.042,0.972,12.85,125.4,114.1,15.14,37.56,0.4041,32.08,6.343,3.073,2.978,74805,602,49061,5.11,30858,1086,10929,3883,106.1
KAZ245,,Talapty,TAZ - Group 3,,,,,76.11,19.62,122.5,7.63,1.297,44878,4.792,--,127.8,3.831,17.02,423.2,1.057,0.805,14.21,127.3,144.9,26.08,38.25,0.3733,31.42,6.333,2.711,2.699,77876,604.4,62016,4.988,34833,1185,13739,3991,121.6
KAZ246,,Talapty,TAZ - Group 3,,,,,74.51,19.26,107.3,8.66,1.254,44951,5.222,59.2,131,2.6,16.28,337.2,1.088,0.809,13.55,138,135,15.27,37.3,0.3979,32.84,6.253,2.95,2.917,79535,623.7,41721,5.3,32529,1147,12375,4028,108.2
KAZ250,,Talapty,TAZ - Group 3,,,,,74.61,17.29,99.4,8.051,1.324,42012,5.15,21.14,123.1,3.333,15.83,318.6,1.063,0.712,13.26,125.9,110.9,21.36,37.96,0.381,33.2,6.296,3.353,3.094,77437,576.6,47385,4.931,32704,1056,12783,4725,91.8
KAZ252,,Talapty,TAZ - Group 3,,,,,75.62,18.03,106.2,7.613,1.278,42218,4.943,33.78,124.7,3.328,15.43,385.2,1.074,1.003,13.18,118,113.3,19.11,37.76,0.3831,30.97,6.241,3.416,3.006,74264,595.5,48475,5.027,33551,1109,14973,4325,85.7
KAZ256,,Zhargul,TAZ - Group 3,,,,,80.08,21.7,122.5,9.262,1.404,49183,4.85,60.2,134.2,3.797,18.41,444.5,1.011,0.871,14.4,127,137.3,18.38,40.38,0.4356,34.58,6.726,3.582,3.404,75617,650.9,58401,5.177,32758,1301,9164,4370,106.9
KAZ259,,Zhargul,TAZ - Group 3,,,,,72.47,18.14,105.5,8.848,1.269,45771,4.551,70.03,135.8,4.032,16.71,373.5,1.064,0.849,13.9,110.1,130.4,19.87,36.85,0.3881,34.45,6.274,4.183,2.756,78783,623.8,68335,5.316,33830,1152,9770,3673,111.5
KAZ260,,Zhargul,TAZ - Group 3,,,,,71.42,17.2,98.9,7.526,1.286,41060,4.47,47.72,116.9,2.347,14.92,337.4,1.004,0.832,13.23,105.5,124.1,19.29,36.88,0.3922,33.42,6.473,3.127,2.974,79958,653.5,70753,4.938,28716,1097,8907,4097,100
KAZ261,,Zhargul,TAZ - Group 3,,,,,76.61,18.26,104.4,9.259,1.306,47237,5.151,76.8,137.6,4.804,17.25,388.8,1.088,0.801,13.72,100.6,165.1,17.29,38.08,0.4364,35.22,6.517,3.974,2.958,83286,707.2,53289,5.134,34594,943,10315,3688,109.5
KAZ263,,Zhargul,TAZ - Group 3,,,,,74.37,19.21,106.8,7.952,1.306,44507,4.704,40.09,122.7,3.964,16.08,403.3,1.043,0.911,14,116.5,122.7,16.95,37.8,0.3939,35.13,6.452,4.816,3.007,80069,623.7,60871,5.457,28055,1213,10941,4163,107.3
KAZ264,,Zhargul,TAZ - Group 3,,,,,74.86,18.32,104.2,9.093,1.282,46286,4.909,29.13,133.5,4.729,16.93,435,0.993,0.87,13.64,100.1,136,16.39,37.94,0.383,33.38,6.477,4.722,2.668,83397,633.5,61636,5.123,32868,1013,10995,3987,133.8
KAZ265,,Zhargul,TAZ - Group 3,,,,,79.42,19.9,124.2,7.641,1.405,45902,5.481,47.63,124.5,3.573,16.62,388.9,1.159,0.857,14.39,128.8,148.7,15.58,40.55,0.4551,36.34,6.843,3.134,3.354,84210,663.7,57343,5.753,29028,1111,11172,3508,109.2
KAZ266,,Zhargul,TAZ - Group 3,,,,,73.84,19.69,113.8,8.677,1.285,46188,4.845,80.56,128.7,5.46,16.85,428,1,0.834,14.13,127.5,120.7,18.94,37.24,0.4185,31.5,6.231,3.3,3.276,76183,650.1,55231,4.642,36303,1250,12742,4237,108.2
KAZ267,,Zhargul,TAZ - Group 3,,,,,76.74,17.79,102.3,7.595,1.262,42754,5.396,46.5,124,3.736,15.31,283.2,0.971,0.755,13.72,111.7,151.7,15.75,38.25,0.3927,35.75,6.307,3.067,2.837,76665,588.9,41180,4.61,33323,1127,17309,3010,112.5
KAZ268,,Zhargul,TAZ - Group 3,,,,,78.53,18.63,108.2,7.798,1.355,45007,5.194,47.52,125.9,3.58,16.1,275.8,1.008,0.768,13.78,114.2,138.7,17.95,39.42,0.4253,32.95,6.577,3.675,3.035,73097,618.4,39478,4.737,36534,1142,16336,3556,107.1
KAZ270,,Zhargul,TAZ - Group 3,,,,,85.02,20.89,121.7,8.403,1.489,45391,4.951,65.91,126.9,2.802,16.83,340.8,1.146,0.925,14.44,124.5,123.4,16.36,42.95,0.4615,38.58,7.024,3.092,3.156,80819,624,57875,5.794,34415,1117,12334,3796,133.5
KAZ271,,Zhargul,TAZ - Group 3,,,,,71.15,18.72,107.3,8.607,1.232,44724,4.805,49.01,128.3,4.438,16.48,532.5,1.032,0.715,13.25,124.1,133.8,23.57,36.04,0.3967,32.8,6.081,3.525,2.841,75176,580.3,59319,4.919,35965,1228,14188,3902,142.3
KAZ272,,Zhargul,TAZ - Group 3,,,,,78.45,18.89,109.4,8.313,1.357,45362,5.501,70.52,125.8,4.264,16.36,242.6,1.078,0.868,13.83,116.9,125,16.5,39.74,0.4069,30.96,6.526,3.13,3.147,79200,587.5,40093,4.746,33676,1074,14242,3403,98.2
KAZ276,,Zhargul,TAZ - Group 3,,,,,74.43,18.91,108.1,8.654,1.257,44911,4.895,71.78,128.9,4.103,16.27,405.7,0.921,0.776,13.61,120.5,118.8,19.16,37.82,0.4004,33.53,6.222,2.565,2.838,83315,688,57919,5.019,34266,1270,12056,4394,97.9
KAZ279,,Zhargul,TAZ - Group 3,,,,,73.23,18.11,97.8,8.135,1.301,42440,4.812,32.72,122.8,2.797,15.32,394.5,1.104,0.782,12.84,119.7,107.4,13.38,37.14,0.4013,32.94,6.275,3.074,2.568,75568,626.2,49734,4.406,32065,1102,13766,3974,76.2
KAZ280,,Zhargul,TAZ - Group 3,,,,,76.03,19.08,106.2,8.643,1.336,44189,4.819,59.59,132.8,3.245,16.01,341,1.056,0.749,13.67,126.7,139.1,18.12,39.05,0.3887,36.34,6.531,3.227,3.109,74066,631.1,42481,5.036,31412,1138,12861,3302,106.6
KAZ281,,Zhargul,TAZ - Group 3,,,,,76.08,20.38,111.8,8.784,1.269,46597,4.508,69.24,127.7,3.708,16.89,353,0.997,0.875,13.76,129,126.1,17.69,38.5,0.4061,36.58,6.531,3.192,3.068,78672,668.8,58007,5.148,33647,1282,15116,4041,97.7
KAZ287,,Zhargul,TAZ - Group 3,,,,,66.68,19.89,117.7,9.795,1.192,46802,4.864,57.26,143.1,2.762,17.13,418.1,1.073,0.794,12.63,128.9,117.4,12.69,33.12,0.3675,30.49,5.597,3.265,3.113,84173,602.3,43713,4.453,30386,1131,11884,3395,99.5
UZB141,TAZ001,Taraz,TAZ - Group 3,slipware,polychrome slipware - yellow,Early Islamic,Open Vessel - Unknown,73.49,19.55,111.34,8.56,1.27,46177,4.69,54.89,129.22,4.88,16.76,355.34,1.05,1.19,13.68,125.27,122.68,23.2,37.32,0.39,32.63,6.23,3.68,3.31,80243,708.98,59881,5.19,32197,1200.2,8550.3,4390.3,113.67
UZB142,TAZ002,Taraz,TAZ - Group 3,slipware,polychrome slipware - yellow,Early Islamic,Open Vessel - Unknown,73.41,18.79,111.76,8.57,1.31,46570,4.58,54.49,136.65,4.87,16.86,414.84,1.11,1.11,13.92,112.36,92.29,27.12,37.74,0.4,32.03,6.39,3.22,2.53,84638,703.64,58534,5.17,34358,1234.5,8738.6,3637.8,115.33
UZB147,TAZ012,Taraz,TAZ - Group 3,slipware,slipware with incision,Early Islamic,Open Vessel - Unknown,79.39,19.45,117.1,8.33,1.36,46348,4.7,74.4,136.12,3.24,16.76,367.08,1.17,0.94,14.61,118.54,122.14,18.31,40,0.42,32.45,6.68,2.98,3.11,85688,749.77,56829,5.51,35853,1178.3,9747.8,3635.2,110.11
UZB148,TAZ013,Taraz,TAZ - Group 3,slipware,polychrome slipware,Early Islamic,Open Vessel - Unknown,70.73,18.87,104.45,7.45,1.24,43806,4.4,66.51,125.05,5.78,15.51,504.63,0.93,0.85,12.73,136.96,140.44,21.52,36.19,0.38,29.36,6.2,4.16,2.74,77421,634.5,83222,4.85,28797,1177.4,9634.7,3997.9,105.13
UZB149,TAZ014,Taraz,TAZ - Group 3,slipware,slipware,Early Islamic,Open Vessel - Unknown,76.32,22.12,119.8,9.14,1.32,49475,4.46,79.8,139.63,5.13,17.74,375.32,1.01,0.83,14.04,145.72,107.43,26.89,38.97,0.4,33.45,6.38,2.92,2.66,84500,744.41,74487,5.03,32801,1258.8,9137.7,4440.3,129.49
UZB150,TAZ016,Taraz,TAZ - Group 3,monochrome,white monochrome with incision,Early Islamic,Open Vessel - Unknown,77.96,19.9,114.64,8.59,1.3,46099,4.99,59.46,136.57,2.42,16.71,241.62,1.05,0.82,14,130.8,116.96,13.14,39.99,0.42,31.59,6.69,2.96,3.15,86085,677.81,45512,5.32,31517,1191,10189,4259.1,115.9
UZB005,BKH20-27-6,Bukhara,unassigned,slipware,polychrome slipware,end of 10th-beginning of 11th c. CE,Open Vessel - Dish,61.02,15.41,107.87,5.56,1.08,39593,4.22,73.24,84.42,2.56,14.7,332.89,0.99,1.11,11.26,92.57,137.8,20.39,30.65,0.35,26.76,5.47,3.34,2.6,76527,586.43,95787,4.31,24011,796.68,8410.9,3759.3,119.84
UZB011,BKH20-42-9,Bukhara,unassigned,slipware,polychrome slipware,beginning of the 11th c. CE,Open Vessel - Unknown,63.54,17.02,95.44,5.89,1.15,40858,4.04,83.58,63.74,2.27,15.18,370.46,1,1.06,11.41,105.15,128.59,18.92,31.67,0.4,30.61,5.67,4.07,2.35,76972,475.85,111150,4.36,18871,900.72,9118.2,3387.2,115.59
UZB012,BKH20-42-15,Bukhara,unassigned,slipware,slipware,end of 10th-early 11th c. CE,Open Vessel - Unknown,65.06,15.67,92.94,7.7,1.18,41390,4.39,66.46,112.8,3.61,15.18,280.77,0.96,0.85,11.66,89.39,110.46,20.3,31.95,0.43,30.67,5.85,3.17,2.97,78295,554.11,79705,5.19,30927,889.16,10104,4032.3,111.65
UZB016,BKH20-66-7,Bukhara,unassigned,kiln furniture,NA,?,Other,63.55,11.91,75.91,10.14,1.12,30233,5.05,0,116.95,2.83,10.65,354,0.99,0.7,10.74,99.22,161.56,15.98,32.18,0.36,26.8,5.6,3.87,2.29,65047,986.41,73621,4.6,28908,745.58,11555,3783.3,90.32
UZB017,BKH20-70-12,Bukhara,unassigned,slipware,slip painted - λ pattern,beginning of 11th c. CE,Open Vessel - Unknown,59.98,13.22,81.67,7.74,1.11,37148,4.04,0,109.66,2.95,13.35,380.04,0.85,0.64,10.77,84.03,118.92,27.9,30.66,0.37,26.95,5.48,3.49,2.68,69679,593.33,105630,4.43,29294,737.62,9084.3,3623.5,113.39
UZB021,BKH20-72-2,Bukhara,unassigned,monochrome,monochrome green,10-11th c. CE,Open Vessel - Unknown,66.01,13.99,94.49,9.2,1.18,37238,4.45,56.85,109.89,3.16,13.38,416.52,1.04,0.75,12.17,91.56,145.79,20.4,32.99,0.37,26.72,5.83,4.58,2.59,72304,920.82,82331,4.45,32683,819.78,10376,3973,99.97
UZB031,BKH20-93-12,Bukhara,unassigned,slipware,polychrome slipware,end of 10th-beginning of 11th c. CE,Open Vessel - Bowl,62.35,13.08,88.34,6.18,1.18,39407,3.87,85.57,93.53,2.18,14.74,522.84,0.96,0.73,11.06,179.09,133.87,18.5,31.36,0.42,27.15,5.6,3.3,2.82,76693,531.47,90658,4.67,33782,757.68,8141.4,3518.2,115.77
UZB037,BKH20-94-2,Bukhara,unassigned,splashed sgraffito,splashed sgraffito,1st half of 10th c. CE,Open Vessel - Bowl,59.95,14.97,89.05,8.74,1.11,38458,4.1,0,101.55,3.31,14.09,381.35,0.87,0.89,10.63,197.83,130.28,18.88,30.53,0.39,28.97,5.28,2.96,2.41,70143,525.03,100640,4.2,24807,754.38,8908.4,3919.3,118.73
UZB038,BKH20-95-4,Bukhara,unassigned,slipware,polychrome painted ware,9th c. CE,Open Vessel - Unknown,64.36,15.25,87.75,8.72,1.19,41229,4.17,37.55,119.68,2.07,15.3,597.31,0.87,0.68,11.37,102.53,108.75,17.04,32.52,0.42,29.55,5.82,5.18,2.86,83529,556.3,72782,4.59,30425,746.14,11466,3876.9,124.57
UZB039,BKH20-98-1,Bukhara,unassigned,slipware,polychrome slipware,end of 10th-beginning of 11th c. CE,Open Vessel - Unknown,60.97,14.7,93.1,6.79,1.1,39715,3.81,0,93.35,2.5,14.6,935.95,0.88,0.69,10.93,101.3,91.06,20.61,29.62,0.33,25.47,5.38,5.31,2.29,74925,513.54,106980,4.35,29671,850.69,10516,3378.2,120.84
UZB052,BKH21-210-6,Bukhara,unassigned,slipware,polychrome slipware,mid-end of the 10th c. CE,Open Vessel - Bowl,62.43,14.86,92.23,7.81,1.14,42059,3.94,57.15,99.93,3.82,14.88,449.54,0.86,0.58,11.4,135.51,113.37,24.59,30.88,0.38,26.79,5.49,3.61,2.68,83261,599.39,90958,4.63,24380,788.9,9557.7,3968.6,123.28
UZB058,BKH22-024-a,Bukhara,unassigned,slipware,polychrome slipware,beginning of 11th c. CE,Open Vessel - Bowl,61.44,10.98,88.29,6.06,1.13,37103,4.45,42.71,95.43,1.77,13.36,658.1,0.92,0.68,10.66,75.43,133.76,44.97,30.12,0.38,27.07,5.71,7.28,2.79,73015,457.08,93203,4.57,30191,849.69,11685,3567.7,91.62
UZB060,BKH22-024-k,Bukhara,unassigned,slipware,slipware,end of 10th-early 11th c. CE,Open Vessel - Unknown,61.99,12.67,85.53,6.65,1.14,36879,4.4,26.79,102.94,1.75,13.57,701.65,0.88,0.7,10.7,93.26,123.21,36.96,30.53,0.36,26.69,5.71,6.17,2.44,73345,474.23,88612,4.66,31380,768.11,10750,3246.6,102.56
UZB063,BKH22-060-u,Bukhara,unassigned,splashed,splashed ware,1st half of 10th c. CE,Closed Vessel,58.9,10.88,77.86,7.38,1.13,36886,4.51,0,90.71,6.05,13.82,604.73,0.97,0.56,10.99,92.66,87.15,14.52,28.79,0.37,26.6,5.32,3.57,2.25,83648,589.78,71570,4.5,23556,588.47,13690,3582.8,95.7
UZB067,BKH22-123-h,Bukhara,unassigned,slipware,polychrome slipware with green splashes,9th c. CE,Open Vessel - Unknown,61.31,11.74,76.36,7.61,1.1,37057,4.51,26.84,90.95,2.72,13.3,519.05,0.9,0.88,11.04,95.23,135.77,18.09,30.59,0.37,27.13,5.38,3.41,2.64,74101,677.06,75336,4.15,23292,589.12,11190,2842.1,101.93
UZB086,BKH22-201-aq,Bukhara,unassigned,opaque,Buff ware,9th c. CE,Open Vessel - Bowl,65.13,13.75,87.11,7.34,1.17,37669,4.96,0,117.24,2.47,13.37,521.22,1.05,0.82,11.82,100.09,113.35,16.37,32.62,0.36,28.37,5.76,4.35,2.84,69418,747.95,70862,4.25,25544,817.45,13090,3557.7,118.25
UZB087,BKH22-201-as,Bukhara,unassigned,opaque,Buff ware,9th c. CE,Open Vessel - Bowl,53.91,14.3,84.58,4.74,1.04,34626,4.07,27.94,97.86,1.27,13.23,866.64,0.84,0.67,9.59,110.5,124.1,14.11,26.56,0.34,24.01,4.89,2.35,2.47,69277,495.35,101650,3.72,28847,715.34,11066,2557,128.46
UZB091,BKH22-266-ae,Bukhara,unassigned,opaque,syrian yellow glaze family?,9th c. CE,Open Vessel - Bowl,59.97,12.54,83.04,7.38,1.08,36014,4.47,0,117.39,1.96,12.98,555.74,0.92,0.83,10.5,95.19,146.65,16.13,29.63,0.38,28.76,5.25,4.23,2.6,73668,562.17,75506,4.31,29681,618.76,10119,2693.8,104.31
UZB093,BKH22-271-d,Bukhara,unassigned,monochrome,monochrome green,beginning-middle of 10th c. CE,Open Vessel - Bowl,63.87,16.85,99.94,7.26,1.15,44645,3.99,0,107.59,6.01,16.13,386.9,0.9,1.11,11.89,126.85,98.67,23.2,32.36,0.39,26.88,5.66,4.16,2.92,80194,521.16,101060,4.39,24436,824.45,10030,3807.6,143.42
UZB108,Paykend-31,Paykend,unassigned,monochrome,green monochrome,920-1020s CE,Lamp,61.5,14.8,90.46,6.48,1.1,38666,4.24,42.24,104.67,3.28,13.82,466.21,0.82,1.04,11.1,85.74,113.83,20.12,31.3,0.37,28.27,5.42,3.39,2.3,77514,803.73,89449,4.24,25276,812.9,10238,3605.5,119.67
UZB111,TASH001,Tashkent,unassigned,opaque,opaque with green decoration,9th c. CE,Open Vessel - Unknown,68.29,13.29,71.72,6.97,1.16,35223,5.13,0,96.73,2.83,12.42,346.03,1.09,0.72,12.94,90.51,147.36,15.73,34.85,0.38,30.58,5.88,3.64,2.84,67267,624.94,76471,4.47,25830,814.18,12620,3831.7,86.92
UZB113,TASH004,Tashkent,unassigned,opaque,opaque white with green and brown decoration,end of the 9th  - beginning of the 10th c. CE,Open Vessel - Unknown,68.29,15.13,97.35,7.11,1.24,37343,5.35,53.12,107.85,1.35,13.7,392.75,1.04,0.87,12.1,91.41,141.39,12.88,34.54,0.4,31.86,6.16,3.12,3.01,68989,790.04,51757,4.6,27880,888.4,11864,3493.9,99.63
UZB120,TASH014,Tashkent,unassigned,slipware,polychrome slipware with green splashes,10th c. CE,Open Vessel - Unknown,67.36,12.41,70.68,7.6,1.15,34084,4.63,0,110.01,1.58,12.32,408.89,1.01,0.88,12.95,106.99,120.91,16.26,34.91,0.37,32.55,5.88,3.21,2.91,72532,818.59,71351,4.37,26947,1129.1,10244,3893.9,87.86
UZB139,TASH067,Tashkent,unassigned,slipware,polychrome slipware - black base,11th c. CE,Closed Vessel,66.3,13.92,69.13,5.97,1.15,32135,4.55,0,104.12,1.62,12.05,549.15,1,0.77,12.87,109.31,115.57,11.34,34.17,0.36,28.79,5.74,2.83,2.62,70718,628.29,79889,4.37,28284,943.64,10453,3494.1,91.45
UZB146,TAZ011,Taraz,unassigned,slipware,polychrome slipware - black base,Early Islamic,Open Vessel - Unknown,64.81,13.8,75.76,6.84,1.16,36666,4.94,44.69,110.86,3.79,12.85,340.85,1.05,0.85,12.04,122.08,143.26,15.67,33.53,0.36,30.86,5.82,2.19,2.61,70421,936.46,76923,4.58,26644,1102.2,8200.5,3731.8,79.93
